week_start,gateway_id,meters_expected,meters_read
2025-08-04,0202CB0A6B1F,166,156
2025-08-04,02043B6BA08B,475,433
2025-08-04,02075B45BF24,146,121
2025-08-04,02091DF7CCB8,128,95
2025-08-04,02097AB58D3C,315,276
2025-08-04,020CC6FB9659,208,192
2025-08-04,02132677328F,311,254
2025-08-04,02142F017781,214,189
2025-08-04,02145826103B,129,112
2025-08-04,0217820BFFB2,162,151
2025-08-04,021D82B56A3F,131,117
2025-08-04,02251388D3A2,92,74
2025-08-04,0228A99EE35A,121,113
2025-08-04,022C6F326E3B,156,135
2025-08-04,022DB47C41AC,136,75
2025-08-04,023015602FAA,179,167
2025-08-04,0230D261A1CD,240,232
2025-08-04,0230EEF72435,351,338
2025-08-04,02314F9A9168,194,184
2025-08-04,023257D29366,221,198
2025-08-04,023270320B57,127,122
2025-08-04,02388A18854F,93,62
2025-08-04,0239AD51B7AF,109,103
2025-08-04,023A663EFD87,202,175
2025-08-04,023AD5204E1C,90,83
2025-08-04,023ADDDECF84,60,16
2025-08-04,02423E0E6E9F,297,272
2025-08-04,024570739DE0,106,80
2025-08-04,02478CD90F3A,106,97
2025-08-04,024DD3A9ADCA,187,161
2025-08-04,024ED433BF7D,86,73
2025-08-04,0253BB40EDA6,281,280
2025-08-04,0257E855DBCE,125,110
2025-08-04,0259991BA036,579,476
2025-08-04,026A6007FA48,208,32
2025-08-04,027137436C87,482,445
2025-08-04,0278E06A2F67,90,88
2025-08-04,0279D2AC6ACE,295,270
2025-08-04,027B2DC4EA84,294,178
2025-08-04,027D07FC97FC,158,145
2025-08-04,027FE9CED489,67,62
2025-08-04,028764AA026E,119,111
2025-08-04,02892F51E1CB,127,101
2025-08-04,0289694A6E5B,155,138
2025-08-04,028B24EADDAD,211,203
2025-08-04,028CC0AE5719,185,170
2025-08-04,0293918A963F,102,98
2025-08-04,02980E461859,122,112
2025-08-04,029A2B32D17E,194,168
2025-08-04,029C03C2BF19,107,64
2025-08-04,029DA26B1A92,109,101
2025-08-04,02A80292CB97,106,98
2025-08-04,02B5C5ADC792,121,110
2025-08-04,02B742646A0E,147,131
2025-08-04,02BAD919855D,82,76
2025-08-04,02BD26A4C3A0,247,226
2025-08-04,02C0F45F31E7,75,41
2025-08-04,02CFFA3A3F35,103,94
2025-08-04,02D49A34B2FE,418,263
2025-08-04,02D4DFEF402A,132,125
2025-08-04,02D7623552C8,141,84
2025-08-04,02DC03A0F1E6,156,155
2025-08-04,02E12310186C,391,377
2025-08-04,02EBC6CD4398,109,101
2025-08-04,02F093C88F2E,127,125
2025-08-04,02F18EEE028A,446,358
2025-08-04,02F56F7C8E0B,167,152
2025-08-04,02F5CE7705EC,387,313
2025-08-04,02F98EB34A7A,321,291
2025-08-04,02FBDD4A2C43,78,57
2025-08-04,060C5773A61B,116,98
2025-08-04,060EE3CB4779,69,32
2025-08-04,06132D7396F8,96,69
2025-08-04,0616F247083A,546,516
2025-08-04,061A4322745C,173,158
2025-08-04,06238EE3BE6C,228,204
2025-08-04,062EA113798F,179,150
2025-08-04,0634F78DB4C5,68,64
2025-08-04,0639EA5602C1,113,112
2025-08-04,0644582257D9,140,122
2025-08-04,064AED1EC0AA,195,154
2025-08-04,064BE19B0A9E,143,124
2025-08-04,064C94C771EC,205,189
2025-08-04,064E66B5367B,208,195
2025-08-04,06509A84E873,269,257
2025-08-04,065B928716CD,108,93
2025-08-04,065C003A8D0C,267,244
2025-08-04,066430BA5119,399,375
2025-08-04,0665C3FE6D67,169,163
2025-08-04,06711BE6AD2A,117,108
2025-08-04,06787526FEB3,47,44
2025-08-04,0683D2A8DA42,69,63
2025-08-04,068553B3AA23,114,106
2025-08-04,0687F36E02C6,302,287
2025-08-04,06903F988F32,338,138
2025-08-04,0693096C4C42,306,271
2025-08-04,069357B9F15F,204,49
2025-08-04,06981FD8AA87,139,115
2025-08-04,069A98DEEB1D,262,151
2025-08-04,06AA1DE70CBF,69,63
2025-08-04,06AAA28A5D6B,172,167
2025-08-04,06AEE181F595,340,304
2025-08-04,06B162DC93E3,168,152
2025-08-04,06B641B75B29,442,120
2025-08-04,06C0D5E3BCDB,251,195
2025-08-04,06C0F27E810B,110,109
2025-08-04,06C67619095C,393,339
2025-08-04,06C77FEA9550,54,47
2025-08-04,06C98DF4F0FA,263,246
2025-08-04,06CE0F3CFB3C,61,44
2025-08-04,06D0342253A0,63,51
2025-08-04,06D388A19D5D,130,127
2025-08-04,06D6B7018E15,306,254
2025-08-04,06D7F6C73E0C,244,240
2025-08-04,06D84598CCB4,122,118
2025-08-04,06DAF11BD38F,418,395
2025-08-04,06DF118D7989,54,48
2025-08-04,06EA136A2996,205,186
2025-08-04,06EDBAE64B57,256,252
2025-08-04,06EEBD283262,99,95
2025-08-04,06EFD61B80ED,154,146
2025-08-04,06F2469B50EF,102,86
2025-08-04,06F2CDBD2C41,150,133
2025-08-04,06F40EA87663,148,140
2025-08-04,06F49BD8F572,149,132
2025-08-04,06FDA7D7B22A,245,212
2025-08-04,06FFEC2EFA5E,249,226
2025-08-04,0A0B47664A85,40,39
2025-08-04,0A10201AFE0A,53,45
2025-08-04,0A1037E90A63,228,220
2025-08-04,0A10A5A5056E,210,173
2025-08-04,0A15BC628AFC,109,92
2025-08-04,0A182EFD3C61,124,113
2025-08-04,0A184A2E46B7,80,20
2025-08-04,0A19C62F4F6D,77,73
2025-08-04,0A1FB1C98A92,131,127
2025-08-04,0A23474F1944,123,111
2025-08-04,0A25F6E3466C,69,16
2025-08-04,0A268A7E40CD,123,122
2025-08-04,0A272C5A2C9B,70,68
2025-08-04,0A2778A31BE3,140,137
2025-08-04,0A3528D089D9,166,155
2025-08-04,0A3983033084,184,165
2025-08-04,0A42B2DB6370,114,111
2025-08-04,0A4673793B3E,549,541
2025-08-04,0A485668F5C0,127,107
2025-08-04,0A4C884F240A,223,209
2025-08-04,0A4E33E2692B,170,154
2025-08-04,0A52DDE896BF,44,40
2025-08-04,0A55DA266F71,120,90
2025-08-04,0A568E79FEF6,94,93
2025-08-04,0A57338657F8,88,82
2025-08-04,0A57A684E20B,153,139
2025-08-04,0A5C1439B384,324,324
2025-08-04,0A5D017E401E,213,203
2025-08-04,0A5E96449374,65,61
2025-08-04,0A61E3165158,199,180
2025-08-04,0A62EECEEBD1,251,238
2025-08-04,0A6324E3E043,143,128
2025-08-04,0A6390E0FBA4,57,51
2025-08-04,0A663B6B4B28,136,94
2025-08-04,0A682ED9C6DD,217,203
2025-08-04,0A68A2032450,136,129
2025-08-04,0A68DF0B3D07,146,141
2025-08-04,0A68F38A6ACF,78,28
2025-08-04,0A6C571A1550,198,189
2025-08-04,0A6D3595373D,152,136
2025-08-04,0A6DA0C82CCB,174,145
2025-08-04,0A71A6F9D6C6,279,249
2025-08-04,0A78FAF47B00,82,72
2025-08-04,0A7AAFDD9E11,248,211
2025-08-04,0A7AC5BDAF86,305,299
2025-08-04,0A800188C20F,204,174
2025-08-04,0A8407CF4D85,236,199
2025-08-04,0A87B8C2734F,154,133
2025-08-04,0A8EA87BB037,320,310
2025-08-04,0A9547C11A56,244,219
2025-08-04,0A96EACD8070,208,40
2025-08-04,0A974F5D7D8C,62,19
2025-08-04,0A9A3BFD6C9B,129,120
2025-08-04,0AA18F330F59,156,127
2025-08-04,0AA2818A7B27,196,175
2025-08-04,0AA296FF247D,273,257
2025-08-04,0AA2F2CAB50B,187,167
2025-08-04,0AA3F18DE550,131,124
2025-08-04,0AA473D2FC17,202,186
2025-08-04,0AA4B065E5A5,125,110
2025-08-04,0AA9051FFFFA,156,137
2025-08-04,0AB410184143,197,176
2025-08-04,0AB5F9C21BF8,258,233
2025-08-04,0AB6B45C775A,199,106
2025-08-04,0AB97B7632EB,245,245
2025-08-04,0ABC8E60F4C1,81,75
2025-08-04,0ABD2E513F79,189,188
2025-08-04,0ABE42BE4165,222,191
2025-08-04,0AC437023B18,138,128
2025-08-04,0AD276FC5E27,147,122
2025-08-04,0AD2C92E9756,198,175
2025-08-04,0ADD02AB693D,204,189
2025-08-04,0AE03793586F,114,105
2025-08-04,0AE21E7A17E4,205,200
2025-08-04,0AE6BF39C720,77,59
2025-08-04,0AEF10F3A994,72,63
2025-08-04,0AF1F0E3B640,120,110
2025-08-04,0AF51D7D0F73,254,211
2025-08-04,0AF8DCB98E4B,43,35
2025-08-04,0AF9846E92DD,169,107
2025-08-04,0AFB7B311996,193,109
2025-08-04,0AFE702BB093,222,190
2025-08-04,0AFFC263C0D9,99,83
2025-08-04,0E03D8F69853,69,57
2025-08-04,0E0A8D6EB6B9,336,193
2025-08-04,0E0C3EB7915D,92,67
2025-08-04,0E0E2996F51A,92,73
2025-08-04,0E113B01A9A2,59,45
2025-08-04,0E11F69747A8,740,684
2025-08-04,0E121B6B8661,128,34
2025-08-04,0E1B6F4DBA34,192,178
2025-08-04,0E1C622E61BC,94,82
2025-08-04,0E1D7CA1DB0C,525,435
2025-08-04,0E21C239D865,274,251
2025-08-04,0E2575C7EE05,225,210
2025-08-04,0E2728C481CA,103,95
2025-08-04,0E293C5E4650,57,49
2025-08-04,0E2DEE345837,262,246
2025-08-04,0E31C429C185,87,82
2025-08-04,0E34282F4B53,209,193
2025-08-04,0E3D06A07E94,113,91
2025-08-04,0E3D96237639,177,174
2025-08-04,0E41CF7F74D5,380,364
2025-08-04,0E462188408C,175,171
2025-08-04,0E4CE5FB4405,398,327
2025-08-04,0E50A5B2E5C4,344,324
2025-08-04,0E543D410B0C,157,154
2025-08-04,0E55F28AB569,99,88
2025-08-04,0E5A9CEA8093,366,199
2025-08-04,0E5CD9B19DCB,281,259
2025-08-04,0E5DFCF65AD4,154,70
2025-08-04,0E61D34F9993,169,156
2025-08-04,0E69783262BE,201,188
2025-08-04,0E69C64B6E57,184,175
2025-08-04,0E6A7794AFC7,251,162
2025-08-04,0E6ACE6D3146,315,302
2025-08-04,0E6D2CBAED41,146,126
2025-08-04,0E752F1B295C,323,299
2025-08-04,0E7A8A5414C2,235,221
2025-08-04,0E892C46A442,150,148
2025-08-04,0E89F7D5B5BD,259,207
2025-08-04,0E8B8566815B,267,124
2025-08-04,0E8CF9CA526F,40,37
2025-08-04,0E8F36DAB9C2,125,84
2025-08-04,0E9761D8EB58,324,271
2025-08-04,0E9A30D927A5,301,268
2025-08-04,0E9DC914D8DF,151,146
2025-08-04,0EA0447DA91C,134,119
2025-08-04,0EA22CFA3A24,141,112
2025-08-04,0EA52A2A7581,144,137
2025-08-04,0EAEFEAEFB09,330,317
2025-08-04,0EB04F2114F4,259,249
2025-08-04,0EB6B31D8AFB,196,172
2025-08-04,0EBF1B27CDE1,61,51
2025-08-04,0EC8A35D0C20,151,141
2025-08-04,0ED0849FD6D8,80,65
2025-08-04,0ED1E9DBD593,282,266
2025-08-04,0ED4052A2763,273,260
2025-08-04,0ED5057ECE3F,357,157
2025-08-04,0EDC7177CCA9,72,68
2025-08-04,0EE071F7B24A,142,137
2025-08-04,0EE09EDA649F,259,215
2025-08-04,0EE317BA7C52,107,45
2025-08-04,0EE51B79E853,97,92
2025-08-04,0EE78E4317BB,92,82
2025-08-04,0EE9497950EE,769,706
2025-08-04,0EEA98D1BFDB,587,529
2025-08-04,0EECB108FF91,138,133
2025-08-04,0EF023E6452D,123,114
2025-08-04,0EF08481B333,247,227
2025-08-04,0EF437108E63,279,252
2025-08-04,0EF47B410B41,137,130
2025-08-04,0EFD600E2623,149,138
2025-08-11,0202CB0A6B1F,166,161
2025-08-11,02043B6BA08B,475,439
2025-08-11,02075B45BF24,146,112
2025-08-11,02091DF7CCB8,128,96
2025-08-11,02097AB58D3C,315,272
2025-08-11,020CC6FB9659,208,194
2025-08-11,02132677328F,311,242
2025-08-11,02142F017781,214,192
2025-08-11,02145826103B,129,125
2025-08-11,0217820BFFB2,162,149
2025-08-11,021D82B56A3F,131,73
2025-08-11,02251388D3A2,92,82
2025-08-11,0228A99EE35A,121,109
2025-08-11,022C6F326E3B,156,134
2025-08-11,022DB47C41AC,136,98
2025-08-11,023015602FAA,179,158
2025-08-11,0230D261A1CD,240,226
2025-08-11,0230EEF72435,351,337
2025-08-11,02314F9A9168,194,181
2025-08-11,023257D29366,221,215
2025-08-11,023270320B57,127,118
2025-08-11,02388A18854F,93,60
2025-08-11,0239AD51B7AF,109,99
2025-08-11,023A663EFD87,202,185
2025-08-11,023AD5204E1C,90,87
2025-08-11,023ADDDECF84,60,17
2025-08-11,02423E0E6E9F,297,274
2025-08-11,024570739DE0,106,89
2025-08-11,02478CD90F3A,106,92
2025-08-11,024DD3A9ADCA,187,172
2025-08-11,024ED433BF7D,86,82
2025-08-11,0253BB40EDA6,281,270
2025-08-11,0257E855DBCE,125,115
2025-08-11,0259991BA036,579,497
2025-08-11,026A6007FA48,208,32
2025-08-11,027137436C87,482,445
2025-08-11,0278E06A2F67,90,80
2025-08-11,0279D2AC6ACE,295,279
2025-08-11,027B2DC4EA84,294,220
2025-08-11,027D07FC97FC,158,138
2025-08-11,027FE9CED489,67,63
2025-08-11,028764AA026E,119,111
2025-08-11,02892F51E1CB,127,107
2025-08-11,0289694A6E5B,155,143
2025-08-11,028B24EADDAD,211,182
2025-08-11,028CC0AE5719,185,169
2025-08-11,0293918A963F,102,97
2025-08-11,02980E461859,122,110
2025-08-11,029A2B32D17E,194,172
2025-08-11,029C03C2BF19,107,58
2025-08-11,029DA26B1A92,109,106
2025-08-11,02A80292CB97,106,102
2025-08-11,02B5C5ADC792,121,103
2025-08-11,02B742646A0E,147,138
2025-08-11,02BAD919855D,82,75
2025-08-11,02BD26A4C3A0,247,235
2025-08-11,02C0F45F31E7,75,17
2025-08-11,02CFFA3A3F35,103,101
2025-08-11,02D49A34B2FE,418,311
2025-08-11,02D4DFEF402A,132,123
2025-08-11,02D7623552C8,141,90
2025-08-11,02DC03A0F1E6,156,149
2025-08-11,02E12310186C,391,347
2025-08-11,02EBC6CD4398,109,96
2025-08-11,02F093C88F2E,127,113
2025-08-11,02F18EEE028A,446,361
2025-08-11,02F56F7C8E0B,167,153
2025-08-11,02F5CE7705EC,387,292
2025-08-11,02F98EB34A7A,321,281
2025-08-11,02FBDD4A2C43,78,37
2025-08-11,060C5773A61B,116,99
2025-08-11,060EE3CB4779,69,31
2025-08-11,06132D7396F8,96,80
2025-08-11,0616F247083A,546,505
2025-08-11,061A4322745C,173,163
2025-08-11,06238EE3BE6C,228,197
2025-08-11,062EA113798F,179,156
2025-08-11,0634F78DB4C5,68,63
2025-08-11,0639EA5602C1,113,107
2025-08-11,0644582257D9,140,125
2025-08-11,064AED1EC0AA,195,163
2025-08-11,064BE19B0A9E,143,136
2025-08-11,064C94C771EC,205,183
2025-08-11,064E66B5367B,208,201
2025-08-11,06509A84E873,269,266
2025-08-11,065B928716CD,108,91
2025-08-11,065C003A8D0C,267,247
2025-08-11,066430BA5119,399,358
2025-08-11,0665C3FE6D67,169,154
2025-08-11,06711BE6AD2A,117,102
2025-08-11,06787526FEB3,47,40
2025-08-11,0683D2A8DA42,69,64
2025-08-11,068553B3AA23,114,109
2025-08-11,0687F36E02C6,302,285
2025-08-11,06903F988F32,338,79
2025-08-11,0693096C4C42,306,280
2025-08-11,069357B9F15F,204,61
2025-08-11,06981FD8AA87,139,116
2025-08-11,069A98DEEB1D,262,179
2025-08-11,06AA1DE70CBF,69,68
2025-08-11,06AAA28A5D6B,172,160
2025-08-11,06AEE181F595,340,219
2025-08-11,06B162DC93E3,168,161
2025-08-11,06B641B75B29,442,97
2025-08-11,06C0D5E3BCDB,251,210
2025-08-11,06C0F27E810B,110,104
2025-08-11,06C67619095C,393,344
2025-08-11,06C77FEA9550,54,50
2025-08-11,06C98DF4F0FA,263,250
2025-08-11,06CE0F3CFB3C,61,33
2025-08-11,06D0342253A0,63,52
2025-08-11,06D388A19D5D,130,121
2025-08-11,06D6B7018E15,306,287
2025-08-11,06D7F6C73E0C,244,229
2025-08-11,06D84598CCB4,122,110
2025-08-11,06DAF11BD38F,418,392
2025-08-11,06DF118D7989,54,48
2025-08-11,06EA136A2996,205,199
2025-08-11,06EDBAE64B57,256,226
2025-08-11,06EEBD283262,99,96
2025-08-11,06EFD61B80ED,154,148
2025-08-11,06F2469B50EF,102,91
2025-08-11,06F2CDBD2C41,150,120
2025-08-11,06F40EA87663,148,142
2025-08-11,06F49BD8F572,149,132
2025-08-11,06FDA7D7B22A,245,187
2025-08-11,06FFEC2EFA5E,249,235
2025-08-11,0A0B47664A85,40,37
2025-08-11,0A10201AFE0A,53,50
2025-08-11,0A1037E90A63,228,209
2025-08-11,0A10A5A5056E,210,168
2025-08-11,0A15BC628AFC,109,93
2025-08-11,0A182EFD3C61,124,111
2025-08-11,0A184A2E46B7,80,29
2025-08-11,0A19C62F4F6D,77,76
2025-08-11,0A1FB1C98A92,131,122
2025-08-11,0A23474F1944,123,119
2025-08-11,0A25F6E3466C,69,10
2025-08-11,0A268A7E40CD,123,112
2025-08-11,0A272C5A2C9B,70,67
2025-08-11,0A2778A31BE3,140,130
2025-08-11,0A3528D089D9,166,153
2025-08-11,0A3983033084,184,163
2025-08-11,0A42B2DB6370,114,112
2025-08-11,0A4673793B3E,549,525
2025-08-11,0A485668F5C0,127,114
2025-08-11,0A4C884F240A,223,194
2025-08-11,0A4E33E2692B,170,151
2025-08-11,0A52DDE896BF,44,36
2025-08-11,0A55DA266F71,120,98
2025-08-11,0A568E79FEF6,94,94
2025-08-11,0A57338657F8,88,85
2025-08-11,0A57A684E20B,153,142
2025-08-11,0A5C1439B384,324,309
2025-08-11,0A5D017E401E,213,203
2025-08-11,0A5E96449374,65,55
2025-08-11,0A61E3165158,199,174
2025-08-11,0A62EECEEBD1,251,237
2025-08-11,0A6324E3E043,143,135
2025-08-11,0A6390E0FBA4,57,50
2025-08-11,0A663B6B4B28,136,70
2025-08-11,0A682ED9C6DD,217,181
2025-08-11,0A68A2032450,136,117
2025-08-11,0A68DF0B3D07,146,136
2025-08-11,0A68F38A6ACF,78,23
2025-08-11,0A6C571A1550,198,191
2025-08-11,0A6D3595373D,152,142
2025-08-11,0A6DA0C82CCB,174,153
2025-08-11,0A71A6F9D6C6,279,258
2025-08-11,0A78FAF47B00,82,68
2025-08-11,0A7AAFDD9E11,248,188
2025-08-11,0A7AC5BDAF86,305,292
2025-08-11,0A800188C20F,204,175
2025-08-11,0A8407CF4D85,236,197
2025-08-11,0A87B8C2734F,154,138
2025-08-11,0A8EA87BB037,320,292
2025-08-11,0A9547C11A56,244,227
2025-08-11,0A96EACD8070,208,25
2025-08-11,0A974F5D7D8C,62,14
2025-08-11,0A9A3BFD6C9B,129,122
2025-08-11,0AA18F330F59,156,126
2025-08-11,0AA2818A7B27,196,187
2025-08-11,0AA296FF247D,273,256
2025-08-11,0AA2F2CAB50B,187,148
2025-08-11,0AA3F18DE550,131,125
2025-08-11,0AA473D2FC17,202,196
2025-08-11,0AA4B065E5A5,125,117
2025-08-11,0AA9051FFFFA,156,152
2025-08-11,0AB410184143,197,178
2025-08-11,0AB5F9C21BF8,258,223
2025-08-11,0AB6B45C775A,199,89
2025-08-11,0AB97B7632EB,245,224
2025-08-11,0ABC8E60F4C1,81,66
2025-08-11,0ABD2E513F79,189,162
2025-08-11,0ABE42BE4165,222,206
2025-08-11,0AC437023B18,138,127
2025-08-11,0AD276FC5E27,147,122
2025-08-11,0AD2C92E9756,198,179
2025-08-11,0ADD02AB693D,204,189
2025-08-11,0AE03793586F,114,100
2025-08-11,0AE21E7A17E4,205,197
2025-08-11,0AE6BF39C720,77,67
2025-08-11,0AEF10F3A994,72,65
2025-08-11,0AF1F0E3B640,120,111
2025-08-11,0AF51D7D0F73,254,213
2025-08-11,0AF8DCB98E4B,43,39
2025-08-11,0AF9846E92DD,169,98
2025-08-11,0AFB7B311996,193,69
2025-08-11,0AFE702BB093,222,203
2025-08-11,0AFFC263C0D9,99,95
2025-08-11,0E03D8F69853,69,58
2025-08-11,0E0A8D6EB6B9,336,239
2025-08-11,0E0C3EB7915D,92,85
2025-08-11,0E0E2996F51A,92,81
2025-08-11,0E113B01A9A2,59,49
2025-08-11,0E11F69747A8,740,717
2025-08-11,0E121B6B8661,128,56
2025-08-11,0E1B6F4DBA34,192,171
2025-08-11,0E1C622E61BC,94,84
2025-08-11,0E1D7CA1DB0C,525,495
2025-08-11,0E21C239D865,274,244
2025-08-11,0E2575C7EE05,225,201
2025-08-11,0E2728C481CA,103,96
2025-08-11,0E293C5E4650,57,50
2025-08-11,0E2DEE345837,262,243
2025-08-11,0E31C429C185,87,84
2025-08-11,0E34282F4B53,209,191
2025-08-11,0E3D06A07E94,113,95
2025-08-11,0E3D96237639,177,173
2025-08-11,0E41CF7F74D5,380,351
2025-08-11,0E462188408C,175,170
2025-08-11,0E4CE5FB4405,398,351
2025-08-11,0E50A5B2E5C4,344,310
2025-08-11,0E543D410B0C,157,147
2025-08-11,0E55F28AB569,99,89
2025-08-11,0E5A9CEA8093,366,258
2025-08-11,0E5CD9B19DCB,281,255
2025-08-11,0E5DFCF65AD4,154,73
2025-08-11,0E61D34F9993,169,150
2025-08-11,0E69783262BE,201,199
2025-08-11,0E69C64B6E57,184,165
2025-08-11,0E6A7794AFC7,251,115
2025-08-11,0E6ACE6D3146,315,302
2025-08-11,0E6D2CBAED41,146,129
2025-08-11,0E752F1B295C,323,310
2025-08-11,0E7A8A5414C2,235,227
2025-08-11,0E892C46A442,150,148
2025-08-11,0E89F7D5B5BD,259,228
2025-08-11,0E8B8566815B,267,182
2025-08-11,0E8CF9CA526F,40,37
2025-08-11,0E8F36DAB9C2,125,93
2025-08-11,0E9761D8EB58,324,265
2025-08-11,0E9A30D927A5,301,270
2025-08-11,0E9DC914D8DF,151,145
2025-08-11,0EA0447DA91C,134,107
2025-08-11,0EA22CFA3A24,141,116
2025-08-11,0EA52A2A7581,144,134
2025-08-11,0EAEFEAEFB09,330,309
2025-08-11,0EB04F2114F4,259,252
2025-08-11,0EB6B31D8AFB,196,176
2025-08-11,0EBF1B27CDE1,61,54
2025-08-11,0EC8A35D0C20,151,90
2025-08-11,0ED0849FD6D8,80,66
2025-08-11,0ED1E9DBD593,282,234
2025-08-11,0ED4052A2763,273,251
2025-08-11,0ED5057ECE3F,357,173
2025-08-11,0EDC7177CCA9,72,65
2025-08-11,0EE071F7B24A,142,136
2025-08-11,0EE09EDA649F,259,229
2025-08-11,0EE317BA7C52,107,51
2025-08-11,0EE51B79E853,97,89
2025-08-11,0EE78E4317BB,92,80
2025-08-11,0EE9497950EE,769,735
2025-08-11,0EEA98D1BFDB,587,529
2025-08-11,0EECB108FF91,138,138
2025-08-11,0EF023E6452D,123,119
2025-08-11,0EF08481B333,247,237
2025-08-11,0EF437108E63,279,248
2025-08-11,0EF47B410B41,137,131
2025-08-11,0EFD600E2623,149,133
2025-08-18,0202CB0A6B1F,166,158
2025-08-18,02043B6BA08B,475,436
2025-08-18,02075B45BF24,146,123
2025-08-18,02091DF7CCB8,128,105
2025-08-18,02097AB58D3C,315,276
2025-08-18,020CC6FB9659,208,198
2025-08-18,02132677328F,311,258
2025-08-18,02142F017781,214,189
2025-08-18,02145826103B,129,118
2025-08-18,0217820BFFB2,162,151
2025-08-18,021D82B56A3F,131,32
2025-08-18,02251388D3A2,92,85
2025-08-18,0228A99EE35A,121,116
2025-08-18,022C6F326E3B,156,142
2025-08-18,022DB47C41AC,136,105
2025-08-18,023015602FAA,179,168
2025-08-18,0230D261A1CD,240,232
2025-08-18,0230EEF72435,351,342
2025-08-18,02314F9A9168,194,176
2025-08-18,023257D29366,221,208
2025-08-18,023270320B57,127,123
2025-08-18,02388A18854F,93,65
2025-08-18,0239AD51B7AF,109,95
2025-08-18,023A663EFD87,202,178
2025-08-18,023AD5204E1C,90,90
2025-08-18,023ADDDECF84,60,24
2025-08-18,02423E0E6E9F,297,257
2025-08-18,024570739DE0,106,95
2025-08-18,02478CD90F3A,106,100
2025-08-18,024DD3A9ADCA,187,177
2025-08-18,024ED433BF7D,86,78
2025-08-18,0253BB40EDA6,281,256
2025-08-18,0257E855DBCE,125,116
2025-08-18,0259991BA036,579,493
2025-08-18,026A6007FA48,208,32
2025-08-18,027137436C87,482,445
2025-08-18,0278E06A2F67,90,82
2025-08-18,0279D2AC6ACE,295,269
2025-08-18,027B2DC4EA84,294,240
2025-08-18,027D07FC97FC,158,131
2025-08-18,027FE9CED489,67,63
2025-08-18,028764AA026E,119,115
2025-08-18,02892F51E1CB,127,85
2025-08-18,0289694A6E5B,155,141
2025-08-18,028B24EADDAD,211,187
2025-08-18,028CC0AE5719,185,172
2025-08-18,0293918A963F,102,95
2025-08-18,02980E461859,122,115
2025-08-18,029A2B32D17E,194,167
2025-08-18,029C03C2BF19,107,40
2025-08-18,029DA26B1A92,109,101
2025-08-18,02A80292CB97,106,87
2025-08-18,02B5C5ADC792,121,110
2025-08-18,02B742646A0E,147,143
2025-08-18,02BAD919855D,82,77
2025-08-18,02BD26A4C3A0,247,237
2025-08-18,02C0F45F31E7,75,27
2025-08-18,02CFFA3A3F35,103,98
2025-08-18,02D49A34B2FE,418,357
2025-08-18,02D4DFEF402A,132,132
2025-08-18,02D7623552C8,141,79
2025-08-18,02DC03A0F1E6,156,146
2025-08-18,02E12310186C,391,377
2025-08-18,02EBC6CD4398,109,106
2025-08-18,02F093C88F2E,127,110
2025-08-18,02F18EEE028A,446,380
2025-08-18,02F56F7C8E0B,167,160
2025-08-18,02F5CE7705EC,387,192
2025-08-18,02F98EB34A7A,321,292
2025-08-18,02FBDD4A2C43,78,28
2025-08-18,060C5773A61B,116,103
2025-08-18,060EE3CB4779,69,29
2025-08-18,06132D7396F8,96,80
2025-08-18,0616F247083A,546,497
2025-08-18,061A4322745C,173,148
2025-08-18,06238EE3BE6C,228,206
2025-08-18,062EA113798F,179,158
2025-08-18,0634F78DB4C5,68,56
2025-08-18,0639EA5602C1,113,113
2025-08-18,0644582257D9,140,129
2025-08-18,064AED1EC0AA,195,164
2025-08-18,064BE19B0A9E,143,133
2025-08-18,064C94C771EC,205,191
2025-08-18,064E66B5367B,208,197
2025-08-18,06509A84E873,269,255
2025-08-18,065B928716CD,108,84
2025-08-18,065C003A8D0C,267,226
2025-08-18,066430BA5119,399,382
2025-08-18,0665C3FE6D67,169,156
2025-08-18,06711BE6AD2A,117,105
2025-08-18,06787526FEB3,47,35
2025-08-18,0683D2A8DA42,69,61
2025-08-18,068553B3AA23,114,111
2025-08-18,0687F36E02C6,302,286
2025-08-18,06903F988F32,338,48
2025-08-18,0693096C4C42,306,290
2025-08-18,069357B9F15F,204,98
2025-08-18,06981FD8AA87,139,134
2025-08-18,069A98DEEB1D,262,197
2025-08-18,06AA1DE70CBF,69,61
2025-08-18,06AAA28A5D6B,172,151
2025-08-18,06AEE181F595,340,177
2025-08-18,06B162DC93E3,168,158
2025-08-18,06B641B75B29,442,87
2025-08-18,06C0D5E3BCDB,251,214
2025-08-18,06C0F27E810B,110,106
2025-08-18,06C67619095C,393,348
2025-08-18,06C77FEA9550,54,48
2025-08-18,06C98DF4F0FA,263,262
2025-08-18,06CE0F3CFB3C,61,24
2025-08-18,06D0342253A0,63,58
2025-08-18,06D388A19D5D,130,126
2025-08-18,06D6B7018E15,306,271
2025-08-18,06D7F6C73E0C,244,230
2025-08-18,06D84598CCB4,122,113
2025-08-18,06DAF11BD38F,418,390
2025-08-18,06DF118D7989,54,48
2025-08-18,06EA136A2996,205,187
2025-08-18,06EDBAE64B57,256,245
2025-08-18,06EEBD283262,99,95
2025-08-18,06EFD61B80ED,154,146
2025-08-18,06F2469B50EF,102,94
2025-08-18,06F2CDBD2C41,150,129
2025-08-18,06F40EA87663,148,140
2025-08-18,06F49BD8F572,149,139
2025-08-18,06FDA7D7B22A,245,120
2025-08-18,06FFEC2EFA5E,249,222
2025-08-18,0A0B47664A85,40,38
2025-08-18,0A10201AFE0A,53,49
2025-08-18,0A1037E90A63,228,215
2025-08-18,0A10A5A5056E,210,194
2025-08-18,0A15BC628AFC,109,73
2025-08-18,0A182EFD3C61,124,113
2025-08-18,0A184A2E46B7,80,26
2025-08-18,0A19C62F4F6D,77,54
2025-08-18,0A1FB1C98A92,131,121
2025-08-18,0A23474F1944,123,118
2025-08-18,0A25F6E3466C,69,9
2025-08-18,0A268A7E40CD,123,112
2025-08-18,0A272C5A2C9B,70,60
2025-08-18,0A2778A31BE3,140,122
2025-08-18,0A3528D089D9,166,142
2025-08-18,0A3983033084,184,163
2025-08-18,0A42B2DB6370,114,104
2025-08-18,0A4673793B3E,549,512
2025-08-18,0A485668F5C0,127,121
2025-08-18,0A4C884F240A,223,199
2025-08-18,0A4E33E2692B,170,156
2025-08-18,0A52DDE896BF,44,32
2025-08-18,0A55DA266F71,120,114
2025-08-18,0A568E79FEF6,94,89
2025-08-18,0A57338657F8,88,85
2025-08-18,0A57A684E20B,153,146
2025-08-18,0A5C1439B384,324,305
2025-08-18,0A5D017E401E,213,200
2025-08-18,0A5E96449374,65,52
2025-08-18,0A61E3165158,199,191
2025-08-18,0A62EECEEBD1,251,226
2025-08-18,0A6324E3E043,143,136
2025-08-18,0A6390E0FBA4,57,48
2025-08-18,0A663B6B4B28,136,78
2025-08-18,0A682ED9C6DD,217,157
2025-08-18,0A68A2032450,136,124
2025-08-18,0A68DF0B3D07,146,142
2025-08-18,0A68F38A6ACF,78,23
2025-08-18,0A6C571A1550,198,192
2025-08-18,0A6D3595373D,152,141
2025-08-18,0A6DA0C82CCB,174,164
2025-08-18,0A71A6F9D6C6,279,272
2025-08-18,0A78FAF47B00,82,70
2025-08-18,0A7AAFDD9E11,248,126
2025-08-18,0A7AC5BDAF86,305,286
2025-08-18,0A800188C20F,204,195
2025-08-18,0A8407CF4D85,236,200
2025-08-18,0A87B8C2734F,154,136
2025-08-18,0A8EA87BB037,320,315
2025-08-18,0A9547C11A56,244,229
2025-08-18,0A96EACD8070,208,73
2025-08-18,0A974F5D7D8C,62,23
2025-08-18,0A9A3BFD6C9B,129,126
2025-08-18,0AA18F330F59,156,126
2025-08-18,0AA2818A7B27,196,182
2025-08-18,0AA296FF247D,273,247
2025-08-18,0AA2F2CAB50B,187,176
2025-08-18,0AA3F18DE550,131,119
2025-08-18,0AA473D2FC17,202,193
2025-08-18,0AA4B065E5A5,125,122
2025-08-18,0AA9051FFFFA,156,147
2025-08-18,0AB410184143,197,189
2025-08-18,0AB5F9C21BF8,258,233
2025-08-18,0AB6B45C775A,199,99
2025-08-18,0AB97B7632EB,245,232
2025-08-18,0ABC8E60F4C1,81,75
2025-08-18,0ABD2E513F79,189,150
2025-08-18,0ABE42BE4165,222,181
2025-08-18,0AC437023B18,138,127
2025-08-18,0AD276FC5E27,147,103
2025-08-18,0AD2C92E9756,198,186
2025-08-18,0ADD02AB693D,204,192
2025-08-18,0AE03793586F,114,108
2025-08-18,0AE21E7A17E4,205,187
2025-08-18,0AE6BF39C720,77,73
2025-08-18,0AEF10F3A994,72,67
2025-08-18,0AF1F0E3B640,120,106
2025-08-18,0AF51D7D0F73,254,209
2025-08-18,0AF8DCB98E4B,43,39
2025-08-18,0AF9846E92DD,169,76
2025-08-18,0AFB7B311996,193,53
2025-08-18,0AFE702BB093,222,181
2025-08-18,0AFFC263C0D9,99,87
2025-08-18,0E03D8F69853,69,37
2025-08-18,0E0A8D6EB6B9,336,271
2025-08-18,0E0C3EB7915D,92,72
2025-08-18,0E0E2996F51A,92,84
2025-08-18,0E113B01A9A2,59,59
2025-08-18,0E11F69747A8,740,671
2025-08-18,0E121B6B8661,128,84
2025-08-18,0E1B6F4DBA34,192,183
2025-08-18,0E1C622E61BC,94,85
2025-08-18,0E1D7CA1DB0C,525,516
2025-08-18,0E21C239D865,274,257
2025-08-18,0E2575C7EE05,225,201
2025-08-18,0E2728C481CA,103,86
2025-08-18,0E293C5E4650,57,51
2025-08-18,0E2DEE345837,262,248
2025-08-18,0E31C429C185,87,83
2025-08-18,0E34282F4B53,209,200
2025-08-18,0E3D06A07E94,113,100
2025-08-18,0E3D96237639,177,173
2025-08-18,0E41CF7F74D5,380,359
2025-08-18,0E462188408C,175,169
2025-08-18,0E4CE5FB4405,398,360
2025-08-18,0E50A5B2E5C4,344,293
2025-08-18,0E543D410B0C,157,144
2025-08-18,0E55F28AB569,99,92
2025-08-18,0E5A9CEA8093,366,299
2025-08-18,0E5CD9B19DCB,281,272
2025-08-18,0E5DFCF65AD4,154,79
2025-08-18,0E61D34F9993,169,144
2025-08-18,0E69783262BE,201,185
2025-08-18,0E69C64B6E57,184,168
2025-08-18,0E6A7794AFC7,251,125
2025-08-18,0E6ACE6D3146,315,290
2025-08-18,0E6D2CBAED41,146,131
2025-08-18,0E752F1B295C,323,277
2025-08-18,0E7A8A5414C2,235,211
2025-08-18,0E892C46A442,150,140
2025-08-18,0E89F7D5B5BD,259,228
2025-08-18,0E8B8566815B,267,226
2025-08-18,0E8CF9CA526F,40,36
2025-08-18,0E8F36DAB9C2,125,108
2025-08-18,0E9761D8EB58,324,274
2025-08-18,0E9A30D927A5,301,272
2025-08-18,0E9DC914D8DF,151,139
2025-08-18,0EA0447DA91C,134,114
2025-08-18,0EA22CFA3A24,141,120
2025-08-18,0EA52A2A7581,144,132
2025-08-18,0EAEFEAEFB09,330,310
2025-08-18,0EB04F2114F4,259,250
2025-08-18,0EB6B31D8AFB,196,185
2025-08-18,0EBF1B27CDE1,61,53
2025-08-18,0EC8A35D0C20,151,64
2025-08-18,0ED0849FD6D8,80,75
2025-08-18,0ED1E9DBD593,282,226
2025-08-18,0ED4052A2763,273,267
2025-08-18,0ED5057ECE3F,357,261
2025-08-18,0EDC7177CCA9,72,72
2025-08-18,0EE071F7B24A,142,133
2025-08-18,0EE09EDA649F,259,214
2025-08-18,0EE317BA7C52,107,53
2025-08-18,0EE51B79E853,97,94
2025-08-18,0EE78E4317BB,92,88
2025-08-18,0EE9497950EE,769,734
2025-08-18,0EEA98D1BFDB,587,533
2025-08-18,0EECB108FF91,138,138
2025-08-18,0EF023E6452D,123,116
2025-08-18,0EF08481B333,247,233
2025-08-18,0EF437108E63,279,255
2025-08-18,0EF47B410B41,137,130
2025-08-18,0EFD600E2623,149,141
2025-08-25,0202CB0A6B1F,166,153
2025-08-25,02043B6BA08B,475,463
2025-08-25,02075B45BF24,146,124
2025-08-25,02091DF7CCB8,128,98
2025-08-25,02097AB58D3C,315,296
2025-08-25,020CC6FB9659,208,180
2025-08-25,02132677328F,311,186
2025-08-25,02142F017781,214,194
2025-08-25,02145826103B,129,119
2025-08-25,0217820BFFB2,162,144
2025-08-25,021D82B56A3F,131,57
2025-08-25,02251388D3A2,92,91
2025-08-25,0228A99EE35A,121,111
2025-08-25,022C6F326E3B,156,136
2025-08-25,022DB47C41AC,136,124
2025-08-25,023015602FAA,179,168
2025-08-25,0230D261A1CD,240,232
2025-08-25,0230EEF72435,351,332
2025-08-25,02314F9A9168,194,181
2025-08-25,023257D29366,221,210
2025-08-25,023270320B57,127,121
2025-08-25,02388A18854F,93,70
2025-08-25,0239AD51B7AF,109,95
2025-08-25,023A663EFD87,202,194
2025-08-25,023AD5204E1C,90,90
2025-08-25,023ADDDECF84,60,32
2025-08-25,02423E0E6E9F,297,264
2025-08-25,024570739DE0,106,106
2025-08-25,02478CD90F3A,106,93
2025-08-25,024DD3A9ADCA,187,161
2025-08-25,024ED433BF7D,86,81
2025-08-25,0253BB40EDA6,281,263
2025-08-25,0257E855DBCE,125,120
2025-08-25,0259991BA036,579,537
2025-08-25,026A6007FA48,208,50
2025-08-25,027137436C87,482,461
2025-08-25,0278E06A2F67,90,85
2025-08-25,0279D2AC6ACE,295,258
2025-08-25,027B2DC4EA84,294,264
2025-08-25,027D07FC97FC,158,107
2025-08-25,027FE9CED489,67,61
2025-08-25,028764AA026E,119,113
2025-08-25,02892F51E1CB,127,83
2025-08-25,0289694A6E5B,155,144
2025-08-25,028B24EADDAD,211,194
2025-08-25,028CC0AE5719,185,161
2025-08-25,0293918A963F,102,93
2025-08-25,02980E461859,122,122
2025-08-25,029A2B32D17E,194,166
2025-08-25,029C03C2BF19,107,46
2025-08-25,029DA26B1A92,109,105
2025-08-25,02A80292CB97,106,96
2025-08-25,02B5C5ADC792,121,108
2025-08-25,02B742646A0E,147,126
2025-08-25,02BAD919855D,82,81
2025-08-25,02BD26A4C3A0,247,238
2025-08-25,02C0F45F31E7,75,17
2025-08-25,02CFFA3A3F35,103,101
2025-08-25,02D49A34B2FE,418,361
2025-08-25,02D4DFEF402A,132,123
2025-08-25,02D7623552C8,141,66
2025-08-25,02DC03A0F1E6,156,148
2025-08-25,02E12310186C,391,352
2025-08-25,02EBC6CD4398,109,104
2025-08-25,02F093C88F2E,127,103
2025-08-25,02F18EEE028A,446,402
2025-08-25,02F56F7C8E0B,167,139
2025-08-25,02F5CE7705EC,387,152
2025-08-25,02F98EB34A7A,321,304
2025-08-25,02FBDD4A2C43,78,25
2025-08-25,060C5773A61B,116,106
2025-08-25,060EE3CB4779,69,40
2025-08-25,06132D7396F8,96,86
2025-08-25,0616F247083A,546,499
2025-08-25,061A4322745C,173,160
2025-08-25,06238EE3BE6C,228,213
2025-08-25,062EA113798F,179,161
2025-08-25,0634F78DB4C5,68,62
2025-08-25,0639EA5602C1,113,112
2025-08-25,0644582257D9,140,133
2025-08-25,064AED1EC0AA,195,176
2025-08-25,064BE19B0A9E,143,137
2025-08-25,064C94C771EC,205,177
2025-08-25,064E66B5367B,208,183
2025-08-25,06509A84E873,269,246
2025-08-25,065B928716CD,108,95
2025-08-25,065C003A8D0C,267,220
2025-08-25,066430BA5119,399,383
2025-08-25,0665C3FE6D67,169,152
2025-08-25,06711BE6AD2A,117,111
2025-08-25,06787526FEB3,47,23
2025-08-25,0683D2A8DA42,69,59
2025-08-25,068553B3AA23,114,111
2025-08-25,0687F36E02C6,302,291
2025-08-25,06903F988F32,338,40
2025-08-25,0693096C4C42,306,275
2025-08-25,069357B9F15F,204,141
2025-08-25,06981FD8AA87,139,121
2025-08-25,069A98DEEB1D,262,217
2025-08-25,06AA1DE70CBF,69,66
2025-08-25,06AAA28A5D6B,172,146
2025-08-25,06AEE181F595,340,153
2025-08-25,06B162DC93E3,168,156
2025-08-25,06B641B75B29,442,142
2025-08-25,06C0D5E3BCDB,251,211
2025-08-25,06C0F27E810B,110,103
2025-08-25,06C67619095C,393,369
2025-08-25,06C77FEA9550,54,51
2025-08-25,06C98DF4F0FA,263,257
2025-08-25,06CE0F3CFB3C,61,12
2025-08-25,06D0342253A0,63,55
2025-08-25,06D388A19D5D,130,125
2025-08-25,06D6B7018E15,306,276
2025-08-25,06D7F6C73E0C,244,231
2025-08-25,06D84598CCB4,122,118
2025-08-25,06DAF11BD38F,418,396
2025-08-25,06DF118D7989,54,49
2025-08-25,06EA136A2996,205,192
2025-08-25,06EDBAE64B57,256,244
2025-08-25,06EEBD283262,99,96
2025-08-25,06EFD61B80ED,154,137
2025-08-25,06F2469B50EF,102,96
2025-08-25,06F2CDBD2C41,150,133
2025-08-25,06F40EA87663,148,139
2025-08-25,06F49BD8F572,149,135
2025-08-25,06FDA7D7B22A,245,132
2025-08-25,06FFEC2EFA5E,249,222
2025-08-25,0A0B47664A85,40,39
2025-08-25,0A10201AFE0A,53,50
2025-08-25,0A1037E90A63,228,216
2025-08-25,0A10A5A5056E,210,179
2025-08-25,0A15BC628AFC,109,64
2025-08-25,0A182EFD3C61,124,106
2025-08-25,0A184A2E46B7,80,18
2025-08-25,0A19C62F4F6D,77,41
2025-08-25,0A1FB1C98A92,131,119
2025-08-25,0A23474F1944,123,112
2025-08-25,0A25F6E3466C,69,24
2025-08-25,0A268A7E40CD,123,120
2025-08-25,0A272C5A2C9B,70,65
2025-08-25,0A2778A31BE3,140,136
2025-08-25,0A3528D089D9,166,155
2025-08-25,0A3983033084,184,160
2025-08-25,0A42B2DB6370,114,100
2025-08-25,0A4673793B3E,549,542
2025-08-25,0A485668F5C0,127,106
2025-08-25,0A4C884F240A,223,184
2025-08-25,0A4E33E2692B,170,157
2025-08-25,0A52DDE896BF,44,22
2025-08-25,0A55DA266F71,120,112
2025-08-25,0A568E79FEF6,94,84
2025-08-25,0A57338657F8,88,81
2025-08-25,0A57A684E20B,153,137
2025-08-25,0A5C1439B384,324,278
2025-08-25,0A5D017E401E,213,200
2025-08-25,0A5E96449374,65,58
2025-08-25,0A61E3165158,199,168
2025-08-25,0A62EECEEBD1,251,236
2025-08-25,0A6324E3E043,143,128
2025-08-25,0A6390E0FBA4,57,52
2025-08-25,0A663B6B4B28,136,96
2025-08-25,0A682ED9C6DD,217,106
2025-08-25,0A68A2032450,136,120
2025-08-25,0A68DF0B3D07,146,137
2025-08-25,0A68F38A6ACF,78,29
2025-08-25,0A6C571A1550,198,182
2025-08-25,0A6D3595373D,152,142
2025-08-25,0A6DA0C82CCB,174,160
2025-08-25,0A71A6F9D6C6,279,264
2025-08-25,0A78FAF47B00,82,75
2025-08-25,0A7AAFDD9E11,248,134
2025-08-25,0A7AC5BDAF86,305,281
2025-08-25,0A800188C20F,204,173
2025-08-25,0A8407CF4D85,236,214
2025-08-25,0A87B8C2734F,154,143
2025-08-25,0A8EA87BB037,320,307
2025-08-25,0A9547C11A56,244,206
2025-08-25,0A96EACD8070,208,84
2025-08-25,0A974F5D7D8C,62,28
2025-08-25,0A9A3BFD6C9B,129,124
2025-08-25,0AA18F330F59,156,132
2025-08-25,0AA2818A7B27,196,178
2025-08-25,0AA296FF247D,273,252
2025-08-25,0AA2F2CAB50B,187,169
2025-08-25,0AA3F18DE550,131,125
2025-08-25,0AA473D2FC17,202,188
2025-08-25,0AA4B065E5A5,125,115
2025-08-25,0AA9051FFFFA,156,156
2025-08-25,0AB410184143,197,190
2025-08-25,0AB5F9C21BF8,258,234
2025-08-25,0AB6B45C775A,199,81
2025-08-25,0AB97B7632EB,245,232
2025-08-25,0ABC8E60F4C1,81,77
2025-08-25,0ABD2E513F79,189,123
2025-08-25,0ABE42BE4165,222,206
2025-08-25,0AC437023B18,138,122
2025-08-25,0AD276FC5E27,147,114
2025-08-25,0AD2C92E9756,198,170
2025-08-25,0ADD02AB693D,204,185
2025-08-25,0AE03793586F,114,97
2025-08-25,0AE21E7A17E4,205,196
2025-08-25,0AE6BF39C720,77,71
2025-08-25,0AEF10F3A994,72,66
2025-08-25,0AF1F0E3B640,120,115
2025-08-25,0AF51D7D0F73,254,202
2025-08-25,0AF8DCB98E4B,43,31
2025-08-25,0AF9846E92DD,169,76
2025-08-25,0AFB7B311996,193,91
2025-08-25,0AFE702BB093,222,197
2025-08-25,0AFFC263C0D9,99,80
2025-08-25,0E03D8F69853,69,43
2025-08-25,0E0A8D6EB6B9,336,298
2025-08-25,0E0C3EB7915D,92,81
2025-08-25,0E0E2996F51A,92,84
2025-08-25,0E113B01A9A2,59,58
2025-08-25,0E11F69747A8,740,705
2025-08-25,0E121B6B8661,128,94
2025-08-25,0E1B6F4DBA34,192,167
2025-08-25,0E1C622E61BC,94,78
2025-08-25,0E1D7CA1DB0C,525,480
2025-08-25,0E21C239D865,274,261
2025-08-25,0E2575C7EE05,225,203
2025-08-25,0E2728C481CA,103,92
2025-08-25,0E293C5E4650,57,49
2025-08-25,0E2DEE345837,262,255
2025-08-25,0E31C429C185,87,83
2025-08-25,0E34282F4B53,209,200
2025-08-25,0E3D06A07E94,113,97
2025-08-25,0E3D96237639,177,170
2025-08-25,0E41CF7F74D5,380,361
2025-08-25,0E462188408C,175,168
2025-08-25,0E4CE5FB4405,398,361
2025-08-25,0E50A5B2E5C4,344,321
2025-08-25,0E543D410B0C,157,156
2025-08-25,0E55F28AB569,99,92
2025-08-25,0E5A9CEA8093,366,307
2025-08-25,0E5CD9B19DCB,281,261
2025-08-25,0E5DFCF65AD4,154,101
2025-08-25,0E61D34F9993,169,104
2025-08-25,0E69783262BE,201,182
2025-08-25,0E69C64B6E57,184,169
2025-08-25,0E6A7794AFC7,251,161
2025-08-25,0E6ACE6D3146,315,286
2025-08-25,0E6D2CBAED41,146,131
2025-08-25,0E752F1B295C,323,200
2025-08-25,0E7A8A5414C2,235,216
2025-08-25,0E892C46A442,150,149
2025-08-25,0E89F7D5B5BD,259,240
2025-08-25,0E8B8566815B,267,244
2025-08-25,0E8CF9CA526F,40,38
2025-08-25,0E8F36DAB9C2,125,110
2025-08-25,0E9761D8EB58,324,247
2025-08-25,0E9A30D927A5,301,285
2025-08-25,0E9DC914D8DF,151,137
2025-08-25,0EA0447DA91C,134,113
2025-08-25,0EA22CFA3A24,141,110
2025-08-25,0EA52A2A7581,144,137
2025-08-25,0EAEFEAEFB09,330,312
2025-08-25,0EB04F2114F4,259,256
2025-08-25,0EB6B31D8AFB,196,186
2025-08-25,0EBF1B27CDE1,61,48
2025-08-25,0EC8A35D0C20,151,68
2025-08-25,0ED0849FD6D8,80,70
2025-08-25,0ED1E9DBD593,282,246
2025-08-25,0ED4052A2763,273,265
2025-08-25,0ED5057ECE3F,357,283
2025-08-25,0EDC7177CCA9,72,70
2025-08-25,0EE071F7B24A,142,127
2025-08-25,0EE09EDA649F,259,242
2025-08-25,0EE317BA7C52,107,62
2025-08-25,0EE51B79E853,97,93
2025-08-25,0EE78E4317BB,92,85
2025-08-25,0EE9497950EE,769,742
2025-08-25,0EEA98D1BFDB,587,553
2025-08-25,0EECB108FF91,138,122
2025-08-25,0EF023E6452D,123,112
2025-08-25,0EF08481B333,247,221
2025-08-25,0EF437108E63,279,233
2025-08-25,0EF47B410B41,137,128
2025-08-25,0EFD600E2623,149,137
2025-09-01,0202CB0A6B1F,166,151
2025-09-01,02043B6BA08B,475,442
2025-09-01,02075B45BF24,146,117
2025-09-01,02091DF7CCB8,128,72
2025-09-01,02097AB58D3C,315,267
2025-09-01,020CC6FB9659,208,186
2025-09-01,02132677328F,311,156
2025-09-01,02142F017781,214,191
2025-09-01,02145826103B,129,118
2025-09-01,0217820BFFB2,162,155
2025-09-01,021D82B56A3F,131,80
2025-09-01,02251388D3A2,92,84
2025-09-01,0228A99EE35A,121,117
2025-09-01,022C6F326E3B,156,146
2025-09-01,022DB47C41AC,136,108
2025-09-01,023015602FAA,179,173
2025-09-01,0230D261A1CD,240,231
2025-09-01,0230EEF72435,351,323
2025-09-01,02314F9A9168,194,192
2025-09-01,023257D29366,221,207
2025-09-01,023270320B57,127,119
2025-09-01,02388A18854F,93,70
2025-09-01,0239AD51B7AF,109,104
2025-09-01,023A663EFD87,202,196
2025-09-01,023AD5204E1C,90,85
2025-09-01,023ADDDECF84,60,40
2025-09-01,02423E0E6E9F,297,269
2025-09-01,024570739DE0,106,98
2025-09-01,02478CD90F3A,106,95
2025-09-01,024DD3A9ADCA,187,163
2025-09-01,024ED433BF7D,86,74
2025-09-01,0253BB40EDA6,281,256
2025-09-01,0257E855DBCE,125,107
2025-09-01,0259991BA036,579,507
2025-09-01,026A6007FA48,208,116
2025-09-01,027137436C87,482,482
2025-09-01,0278E06A2F67,90,83
2025-09-01,0279D2AC6ACE,295,270
2025-09-01,027B2DC4EA84,294,266
2025-09-01,027D07FC97FC,158,64
2025-09-01,027FE9CED489,67,65
2025-09-01,028764AA026E,119,108
2025-09-01,02892F51E1CB,127,90
2025-09-01,0289694A6E5B,155,137
2025-09-01,028B24EADDAD,211,193
2025-09-01,028CC0AE5719,185,168
2025-09-01,0293918A963F,102,99
2025-09-01,02980E461859,122,118
2025-09-01,029A2B32D17E,194,176
2025-09-01,029C03C2BF19,107,57
2025-09-01,029DA26B1A92,109,103
2025-09-01,02A80292CB97,106,89
2025-09-01,02B5C5ADC792,121,109
2025-09-01,02B742646A0E,147,142
2025-09-01,02BAD919855D,82,79
2025-09-01,02BD26A4C3A0,247,233
2025-09-01,02C0F45F31E7,75,9
2025-09-01,02CFFA3A3F35,103,97
2025-09-01,02D49A34B2FE,418,365
2025-09-01,02D4DFEF402A,132,126
2025-09-01,02D7623552C8,141,68
2025-09-01,02DC03A0F1E6,156,146
2025-09-01,02E12310186C,391,348
2025-09-01,02EBC6CD4398,109,101
2025-09-01,02F093C88F2E,127,121
2025-09-01,02F18EEE028A,446,405
2025-09-01,02F56F7C8E0B,167,147
2025-09-01,02F5CE7705EC,387,126
2025-09-01,02F98EB34A7A,321,296
2025-09-01,02FBDD4A2C43,78,30
2025-09-01,060C5773A61B,116,102
2025-09-01,060EE3CB4779,69,54
2025-09-01,06132D7396F8,96,84
2025-09-01,0616F247083A,546,487
2025-09-01,061A4322745C,173,152
2025-09-01,06238EE3BE6C,228,210
2025-09-01,062EA113798F,179,163
2025-09-01,0634F78DB4C5,68,61
2025-09-01,0639EA5602C1,113,112
2025-09-01,0644582257D9,140,135
2025-09-01,064AED1EC0AA,195,170
2025-09-01,064BE19B0A9E,143,136
2025-09-01,064C94C771EC,205,188
2025-09-01,064E66B5367B,208,196
2025-09-01,06509A84E873,269,261
2025-09-01,065B928716CD,108,94
2025-09-01,065C003A8D0C,267,224
2025-09-01,066430BA5119,399,373
2025-09-01,0665C3FE6D67,169,109
2025-09-01,06711BE6AD2A,117,111
2025-09-01,06787526FEB3,47,9
2025-09-01,0683D2A8DA42,69,59
2025-09-01,068553B3AA23,114,111
2025-09-01,0687F36E02C6,302,280
2025-09-01,06903F988F32,338,72
2025-09-01,0693096C4C42,306,287
2025-09-01,069357B9F15F,204,165
2025-09-01,06981FD8AA87,139,126
2025-09-01,069A98DEEB1D,262,215
2025-09-01,06AA1DE70CBF,69,67
2025-09-01,06AAA28A5D6B,172,154
2025-09-01,06AEE181F595,340,146
2025-09-01,06B162DC93E3,168,163
2025-09-01,06B641B75B29,442,238
2025-09-01,06C0D5E3BCDB,251,213
2025-09-01,06C0F27E810B,110,103
2025-09-01,06C67619095C,393,383
2025-09-01,06C77FEA9550,54,48
2025-09-01,06C98DF4F0FA,263,253
2025-09-01,06CE0F3CFB3C,61,23
2025-09-01,06D0342253A0,63,58
2025-09-01,06D388A19D5D,130,125
2025-09-01,06D6B7018E15,306,270
2025-09-01,06D7F6C73E0C,244,219
2025-09-01,06D84598CCB4,122,120
2025-09-01,06DAF11BD38F,418,398
2025-09-01,06DF118D7989,54,51
2025-09-01,06EA136A2996,205,193
2025-09-01,06EDBAE64B57,256,244
2025-09-01,06EEBD283262,99,93
2025-09-01,06EFD61B80ED,154,133
2025-09-01,06F2469B50EF,102,98
2025-09-01,06F2CDBD2C41,150,130
2025-09-01,06F40EA87663,148,142
2025-09-01,06F49BD8F572,149,70
2025-09-01,06FDA7D7B22A,245,179
2025-09-01,06FFEC2EFA5E,249,234
2025-09-01,0A0B47664A85,40,40
2025-09-01,0A10201AFE0A,53,51
2025-09-01,0A1037E90A63,228,223
2025-09-01,0A10A5A5056E,210,198
2025-09-01,0A15BC628AFC,109,74
2025-09-01,0A182EFD3C61,124,110
2025-09-01,0A184A2E46B7,80,19
2025-09-01,0A19C62F4F6D,77,56
2025-09-01,0A1FB1C98A92,131,111
2025-09-01,0A23474F1944,123,118
2025-09-01,0A25F6E3466C,69,39
2025-09-01,0A268A7E40CD,123,114
2025-09-01,0A272C5A2C9B,70,64
2025-09-01,0A2778A31BE3,140,133
2025-09-01,0A3528D089D9,166,157
2025-09-01,0A3983033084,184,174
2025-09-01,0A42B2DB6370,114,105
2025-09-01,0A4673793B3E,549,522
2025-09-01,0A485668F5C0,127,95
2025-09-01,0A4C884F240A,223,192
2025-09-01,0A4E33E2692B,170,157
2025-09-01,0A52DDE896BF,44,26
2025-09-01,0A55DA266F71,120,118
2025-09-01,0A568E79FEF6,94,90
2025-09-01,0A57338657F8,88,86
2025-09-01,0A57A684E20B,153,144
2025-09-01,0A5C1439B384,324,286
2025-09-01,0A5D017E401E,213,186
2025-09-01,0A5E96449374,65,55
2025-09-01,0A61E3165158,199,170
2025-09-01,0A62EECEEBD1,251,250
2025-09-01,0A6324E3E043,143,135
2025-09-01,0A6390E0FBA4,57,54
2025-09-01,0A663B6B4B28,136,114
2025-09-01,0A682ED9C6DD,217,56
2025-09-01,0A68A2032450,136,119
2025-09-01,0A68DF0B3D07,146,145
2025-09-01,0A68F38A6ACF,78,23
2025-09-01,0A6C571A1550,198,190
2025-09-01,0A6D3595373D,152,147
2025-09-01,0A6DA0C82CCB,174,170
2025-09-01,0A71A6F9D6C6,279,256
2025-09-01,0A78FAF47B00,82,73
2025-09-01,0A7AAFDD9E11,248,151
2025-09-01,0A7AC5BDAF86,305,280
2025-09-01,0A800188C20F,204,176
2025-09-01,0A8407CF4D85,236,206
2025-09-01,0A87B8C2734F,154,135
2025-09-01,0A8EA87BB037,320,303
2025-09-01,0A9547C11A56,244,230
2025-09-01,0A96EACD8070,208,123
2025-09-01,0A974F5D7D8C,62,46
2025-09-01,0A9A3BFD6C9B,129,124
2025-09-01,0AA18F330F59,156,103
2025-09-01,0AA2818A7B27,196,182
2025-09-01,0AA296FF247D,273,259
2025-09-01,0AA2F2CAB50B,187,173
2025-09-01,0AA3F18DE550,131,122
2025-09-01,0AA473D2FC17,202,179
2025-09-01,0AA4B065E5A5,125,68
2025-09-01,0AA9051FFFFA,156,147
2025-09-01,0AB410184143,197,183
2025-09-01,0AB5F9C21BF8,258,220
2025-09-01,0AB6B45C775A,199,86
2025-09-01,0AB97B7632EB,245,245
2025-09-01,0ABC8E60F4C1,81,77
2025-09-01,0ABD2E513F79,189,121
2025-09-01,0ABE42BE4165,222,202
2025-09-01,0AC437023B18,138,134
2025-09-01,0AD276FC5E27,147,129
2025-09-01,0AD2C92E9756,198,181
2025-09-01,0ADD02AB693D,204,193
2025-09-01,0AE03793586F,114,99
2025-09-01,0AE21E7A17E4,205,176
2025-09-01,0AE6BF39C720,77,74
2025-09-01,0AEF10F3A994,72,67
2025-09-01,0AF1F0E3B640,120,109
2025-09-01,0AF51D7D0F73,254,218
2025-09-01,0AF8DCB98E4B,43,33
2025-09-01,0AF9846E92DD,169,89
2025-09-01,0AFB7B311996,193,116
2025-09-01,0AFE702BB093,222,208
2025-09-01,0AFFC263C0D9,99,52
2025-09-01,0E03D8F69853,69,56
2025-09-01,0E0A8D6EB6B9,336,300
2025-09-01,0E0C3EB7915D,92,79
2025-09-01,0E0E2996F51A,92,74
2025-09-01,0E113B01A9A2,59,57
2025-09-01,0E11F69747A8,740,657
2025-09-01,0E121B6B8661,128,106
2025-09-01,0E1B6F4DBA34,192,178
2025-09-01,0E1C622E61BC,94,89
2025-09-01,0E1D7CA1DB0C,525,470
2025-09-01,0E21C239D865,274,266
2025-09-01,0E2575C7EE05,225,211
2025-09-01,0E2728C481CA,103,94
2025-09-01,0E293C5E4650,57,52
2025-09-01,0E2DEE345837,262,241
2025-09-01,0E31C429C185,87,85
2025-09-01,0E34282F4B53,209,202
2025-09-01,0E3D06A07E94,113,94
2025-09-01,0E3D96237639,177,163
2025-09-01,0E41CF7F74D5,380,348
2025-09-01,0E462188408C,175,169
2025-09-01,0E4CE5FB4405,398,363
2025-09-01,0E50A5B2E5C4,344,320
2025-09-01,0E543D410B0C,157,157
2025-09-01,0E55F28AB569,99,83
2025-09-01,0E5A9CEA8093,366,312
2025-09-01,0E5CD9B19DCB,281,251
2025-09-01,0E5DFCF65AD4,154,119
2025-09-01,0E61D34F9993,169,82
2025-09-01,0E69783262BE,201,189
2025-09-01,0E69C64B6E57,184,176
2025-09-01,0E6A7794AFC7,251,215
2025-09-01,0E6ACE6D3146,315,294
2025-09-01,0E6D2CBAED41,146,136
2025-09-01,0E752F1B295C,323,161
2025-09-01,0E7A8A5414C2,235,226
2025-09-01,0E892C46A442,150,140
2025-09-01,0E89F7D5B5BD,259,236
2025-09-01,0E8B8566815B,267,226
2025-09-01,0E8CF9CA526F,40,38
2025-09-01,0E8F36DAB9C2,125,101
2025-09-01,0E9761D8EB58,324,180
2025-09-01,0E9A30D927A5,301,275
2025-09-01,0E9DC914D8DF,151,148
2025-09-01,0EA0447DA91C,134,113
2025-09-01,0EA22CFA3A24,141,105
2025-09-01,0EA52A2A7581,144,117
2025-09-01,0EAEFEAEFB09,330,322
2025-09-01,0EB04F2114F4,259,247
2025-09-01,0EB6B31D8AFB,196,190
2025-09-01,0EBF1B27CDE1,61,54
2025-09-01,0EC8A35D0C20,151,107
2025-09-01,0ED0849FD6D8,80,72
2025-09-01,0ED1E9DBD593,282,245
2025-09-01,0ED4052A2763,273,256
2025-09-01,0ED5057ECE3F,357,312
2025-09-01,0EDC7177CCA9,72,59
2025-09-01,0EE071F7B24A,142,122
2025-09-01,0EE09EDA649F,259,249
2025-09-01,0EE317BA7C52,107,69
2025-09-01,0EE51B79E853,97,91
2025-09-01,0EE78E4317BB,92,87
2025-09-01,0EE9497950EE,769,729
2025-09-01,0EEA98D1BFDB,587,536
2025-09-01,0EECB108FF91,138,130
2025-09-01,0EF023E6452D,123,104
2025-09-01,0EF08481B333,247,221
2025-09-01,0EF437108E63,279,216
2025-09-01,0EF47B410B41,137,125
2025-09-01,0EFD600E2623,149,141
2025-09-08,0202CB0A6B1F,166,151
2025-09-08,02043B6BA08B,475,437
2025-09-08,02075B45BF24,146,95
2025-09-08,02091DF7CCB8,128,45
2025-09-08,02097AB58D3C,315,278
2025-09-08,020CC6FB9659,208,193
2025-09-08,02132677328F,311,149
2025-09-08,02142F017781,214,185
2025-09-08,02145826103B,129,112
2025-09-08,0217820BFFB2,162,147
2025-09-08,021D82B56A3F,131,107
2025-09-08,02251388D3A2,92,80
2025-09-08,0228A99EE35A,121,115
2025-09-08,022C6F326E3B,156,145
2025-09-08,022DB47C41AC,136,117
2025-09-08,023015602FAA,179,162
2025-09-08,0230D261A1CD,240,237
2025-09-08,0230EEF72435,351,324
2025-09-08,02314F9A9168,194,185
2025-09-08,023257D29366,221,211
2025-09-08,023270320B57,127,125
2025-09-08,02388A18854F,93,80
2025-09-08,0239AD51B7AF,109,101
2025-09-08,023A663EFD87,202,202
2025-09-08,023AD5204E1C,90,89
2025-09-08,023ADDDECF84,60,46
2025-09-08,02423E0E6E9F,297,263
2025-09-08,024570739DE0,106,94
2025-09-08,02478CD90F3A,106,100
2025-09-08,024DD3A9ADCA,187,165
2025-09-08,024ED433BF7D,86,67
2025-09-08,0253BB40EDA6,281,260
2025-09-08,0257E855DBCE,125,81
2025-09-08,0259991BA036,579,461
2025-09-08,026A6007FA48,208,132
2025-09-08,027137436C87,482,458
2025-09-08,0278E06A2F67,90,82
2025-09-08,0279D2AC6ACE,295,289
2025-09-08,027B2DC4EA84,294,264
2025-09-08,027D07FC97FC,158,82
2025-09-08,027FE9CED489,67,63
2025-09-08,028764AA026E,119,107
2025-09-08,02892F51E1CB,127,112
2025-09-08,0289694A6E5B,155,147
2025-09-08,028B24EADDAD,211,202
2025-09-08,028CC0AE5719,185,159
2025-09-08,0293918A963F,102,101
2025-09-08,02980E461859,122,119
2025-09-08,029A2B32D17E,194,184
2025-09-08,029C03C2BF19,107,69
2025-09-08,029DA26B1A92,109,99
2025-09-08,02A80292CB97,106,94
2025-09-08,02B5C5ADC792,121,103
2025-09-08,02B742646A0E,147,124
2025-09-08,02BAD919855D,82,77
2025-09-08,02BD26A4C3A0,247,234
2025-09-08,02C0F45F31E7,75,5
2025-09-08,02CFFA3A3F35,103,96
2025-09-08,02D49A34B2FE,418,396
2025-09-08,02D4DFEF402A,132,132
2025-09-08,02D7623552C8,141,88
2025-09-08,02DC03A0F1E6,156,140
2025-09-08,02E12310186C,391,347
2025-09-08,02EBC6CD4398,109,86
2025-09-08,02F093C88F2E,127,122
2025-09-08,02F18EEE028A,446,418
2025-09-08,02F56F7C8E0B,167,158
2025-09-08,02F5CE7705EC,387,83
2025-09-08,02F98EB34A7A,321,303
2025-09-08,02FBDD4A2C43,78,33
2025-09-08,060C5773A61B,116,109
2025-09-08,060EE3CB4779,69,54
2025-09-08,06132D7396F8,96,73
2025-09-08,0616F247083A,546,481
2025-09-08,061A4322745C,173,147
2025-09-08,06238EE3BE6C,228,213
2025-09-08,062EA113798F,179,163
2025-09-08,0634F78DB4C5,68,61
2025-09-08,0639EA5602C1,113,103
2025-09-08,0644582257D9,140,128
2025-09-08,064AED1EC0AA,195,174
2025-09-08,064BE19B0A9E,143,131
2025-09-08,064C94C771EC,205,191
2025-09-08,064E66B5367B,208,207
2025-09-08,06509A84E873,269,266
2025-09-08,065B928716CD,108,94
2025-09-08,065C003A8D0C,267,229
2025-09-08,066430BA5119,399,381
2025-09-08,0665C3FE6D67,169,122
2025-09-08,06711BE6AD2A,117,108
2025-09-08,06787526FEB3,47,15
2025-09-08,0683D2A8DA42,69,67
2025-09-08,068553B3AA23,114,103
2025-09-08,0687F36E02C6,302,283
2025-09-08,06903F988F32,338,134
2025-09-08,0693096C4C42,306,294
2025-09-08,069357B9F15F,204,175
2025-09-08,06981FD8AA87,139,118
2025-09-08,069A98DEEB1D,262,216
2025-09-08,06AA1DE70CBF,69,66
2025-09-08,06AAA28A5D6B,172,143
2025-09-08,06AEE181F595,340,187
2025-09-08,06B162DC93E3,168,162
2025-09-08,06B641B75B29,442,283
2025-09-08,06C0D5E3BCDB,251,241
2025-09-08,06C0F27E810B,110,102
2025-09-08,06C67619095C,393,365
2025-09-08,06C77FEA9550,54,51
2025-09-08,06C98DF4F0FA,263,255
2025-09-08,06CE0F3CFB3C,61,37
2025-09-08,06D0342253A0,63,60
2025-09-08,06D388A19D5D,130,123
2025-09-08,06D6B7018E15,306,274
2025-09-08,06D7F6C73E0C,244,238
2025-09-08,06D84598CCB4,122,109
2025-09-08,06DAF11BD38F,418,393
2025-09-08,06DF118D7989,54,51
2025-09-08,06EA136A2996,205,183
2025-09-08,06EDBAE64B57,256,244
2025-09-08,06EEBD283262,99,94
2025-09-08,06EFD61B80ED,154,137
2025-09-08,06F2469B50EF,102,93
2025-09-08,06F2CDBD2C41,150,120
2025-09-08,06F40EA87663,148,136
2025-09-08,06F49BD8F572,149,63
2025-09-08,06FDA7D7B22A,245,200
2025-09-08,06FFEC2EFA5E,249,236
2025-09-08,0A0B47664A85,40,37
2025-09-08,0A10201AFE0A,53,52
2025-09-08,0A1037E90A63,228,227
2025-09-08,0A10A5A5056E,210,194
2025-09-08,0A15BC628AFC,109,79
2025-09-08,0A182EFD3C61,124,113
2025-09-08,0A184A2E46B7,80,23
2025-09-08,0A19C62F4F6D,77,54
2025-09-08,0A1FB1C98A92,131,80
2025-09-08,0A23474F1944,123,120
2025-09-08,0A25F6E3466C,69,57
2025-09-08,0A268A7E40CD,123,113
2025-09-08,0A272C5A2C9B,70,70
2025-09-08,0A2778A31BE3,140,126
2025-09-08,0A3528D089D9,166,163
2025-09-08,0A3983033084,184,169
2025-09-08,0A42B2DB6370,114,100
2025-09-08,0A4673793B3E,549,518
2025-09-08,0A485668F5C0,127,98
2025-09-08,0A4C884F240A,223,211
2025-09-08,0A4E33E2692B,170,153
2025-09-08,0A52DDE896BF,44,16
2025-09-08,0A55DA266F71,120,116
2025-09-08,0A568E79FEF6,94,83
2025-09-08,0A57338657F8,88,82
2025-09-08,0A57A684E20B,153,144
2025-09-08,0A5C1439B384,324,298
2025-09-08,0A5D017E401E,213,186
2025-09-08,0A5E96449374,65,57
2025-09-08,0A61E3165158,199,186
2025-09-08,0A62EECEEBD1,251,234
2025-09-08,0A6324E3E043,143,136
2025-09-08,0A6390E0FBA4,57,52
2025-09-08,0A663B6B4B28,136,117
2025-09-08,0A682ED9C6DD,217,80
2025-09-08,0A68A2032450,136,85
2025-09-08,0A68DF0B3D07,146,145
2025-09-08,0A68F38A6ACF,78,22
2025-09-08,0A6C571A1550,198,198
2025-09-08,0A6D3595373D,152,147
2025-09-08,0A6DA0C82CCB,174,155
2025-09-08,0A71A6F9D6C6,279,270
2025-09-08,0A78FAF47B00,82,74
2025-09-08,0A7AAFDD9E11,248,174
2025-09-08,0A7AC5BDAF86,305,270
2025-09-08,0A800188C20F,204,193
2025-09-08,0A8407CF4D85,236,218
2025-09-08,0A87B8C2734F,154,137
2025-09-08,0A8EA87BB037,320,300
2025-09-08,0A9547C11A56,244,229
2025-09-08,0A96EACD8070,208,140
2025-09-08,0A974F5D7D8C,62,54
2025-09-08,0A9A3BFD6C9B,129,123
2025-09-08,0AA18F330F59,156,72
2025-09-08,0AA2818A7B27,196,181
2025-09-08,0AA296FF247D,273,246
2025-09-08,0AA2F2CAB50B,187,148
2025-09-08,0AA3F18DE550,131,124
2025-09-08,0AA473D2FC17,202,142
2025-09-08,0AA4B065E5A5,125,56
2025-09-08,0AA9051FFFFA,156,147
2025-09-08,0AB410184143,197,182
2025-09-08,0AB5F9C21BF8,258,240
2025-09-08,0AB6B45C775A,199,121
2025-09-08,0AB97B7632EB,245,243
2025-09-08,0ABC8E60F4C1,81,75
2025-09-08,0ABD2E513F79,189,148
2025-09-08,0ABE42BE4165,222,191
2025-09-08,0AC437023B18,138,133
2025-09-08,0AD276FC5E27,147,125
2025-09-08,0AD2C92E9756,198,160
2025-09-08,0ADD02AB693D,204,192
2025-09-08,0AE03793586F,114,105
2025-09-08,0AE21E7A17E4,205,198
2025-09-08,0AE6BF39C720,77,72
2025-09-08,0AEF10F3A994,72,69
2025-09-08,0AF1F0E3B640,120,109
2025-09-08,0AF51D7D0F73,254,230
2025-09-08,0AF8DCB98E4B,43,38
2025-09-08,0AF9846E92DD,169,116
2025-09-08,0AFB7B311996,193,148
2025-09-08,0AFE702BB093,222,208
2025-09-08,0AFFC263C0D9,99,35
2025-09-08,0E03D8F69853,69,57
2025-09-08,0E0A8D6EB6B9,336,315
2025-09-08,0E0C3EB7915D,92,78
2025-09-08,0E0E2996F51A,92,78
2025-09-08,0E113B01A9A2,59,56
2025-09-08,0E11F69747A8,740,680
2025-09-08,0E121B6B8661,128,110
2025-09-08,0E1B6F4DBA34,192,170
2025-09-08,0E1C622E61BC,94,88
2025-09-08,0E1D7CA1DB0C,525,492
2025-09-08,0E21C239D865,274,267
2025-09-08,0E2575C7EE05,225,207
2025-09-08,0E2728C481CA,103,96
2025-09-08,0E293C5E4650,57,53
2025-09-08,0E2DEE345837,262,241
2025-09-08,0E31C429C185,87,79
2025-09-08,0E34282F4B53,209,207
2025-09-08,0E3D06A07E94,113,99
2025-09-08,0E3D96237639,177,167
2025-09-08,0E41CF7F74D5,380,367
2025-09-08,0E462188408C,175,168
2025-09-08,0E4CE5FB4405,398,342
2025-09-08,0E50A5B2E5C4,344,330
2025-09-08,0E543D410B0C,157,152
2025-09-08,0E55F28AB569,99,86
2025-09-08,0E5A9CEA8093,366,339
2025-09-08,0E5CD9B19DCB,281,250
2025-09-08,0E5DFCF65AD4,154,129
2025-09-08,0E61D34F9993,169,63
2025-09-08,0E69783262BE,201,189
2025-09-08,0E69C64B6E57,184,172
2025-09-08,0E6A7794AFC7,251,218
2025-09-08,0E6ACE6D3146,315,288
2025-09-08,0E6D2CBAED41,146,132
2025-09-08,0E752F1B295C,323,181
2025-09-08,0E7A8A5414C2,235,225
2025-09-08,0E892C46A442,150,143
2025-09-08,0E89F7D5B5BD,259,235
2025-09-08,0E8B8566815B,267,215
2025-09-08,0E8CF9CA526F,40,39
2025-09-08,0E8F36DAB9C2,125,104
2025-09-08,0E9761D8EB58,324,119
2025-09-08,0E9A30D927A5,301,285
2025-09-08,0E9DC914D8DF,151,144
2025-09-08,0EA0447DA91C,134,122
2025-09-08,0EA22CFA3A24,141,122
2025-09-08,0EA52A2A7581,144,129
2025-09-08,0EAEFEAEFB09,330,312
2025-09-08,0EB04F2114F4,259,251
2025-09-08,0EB6B31D8AFB,196,185
2025-09-08,0EBF1B27CDE1,61,56
2025-09-08,0EC8A35D0C20,151,110
2025-09-08,0ED0849FD6D8,80,71
2025-09-08,0ED1E9DBD593,282,250
2025-09-08,0ED4052A2763,273,264
2025-09-08,0ED5057ECE3F,357,292
2025-09-08,0EDC7177CCA9,72,66
2025-09-08,0EE071F7B24A,142,106
2025-09-08,0EE09EDA649F,259,233
2025-09-08,0EE317BA7C52,107,77
2025-09-08,0EE51B79E853,97,94
2025-09-08,0EE78E4317BB,92,88
2025-09-08,0EE9497950EE,769,753
2025-09-08,0EEA98D1BFDB,587,525
2025-09-08,0EECB108FF91,138,131
2025-09-08,0EF023E6452D,123,107
2025-09-08,0EF08481B333,247,227
2025-09-08,0EF437108E63,279,162
2025-09-08,0EF47B410B41,137,130
2025-09-08,0EFD600E2623,149,128
2025-09-15,0202CB0A6B1F,166,159
2025-09-15,02043B6BA08B,475,424
2025-09-15,02075B45BF24,146,63
2025-09-15,02091DF7CCB8,128,45
2025-09-15,02097AB58D3C,315,286
2025-09-15,020CC6FB9659,208,191
2025-09-15,02132677328F,311,113
2025-09-15,02142F017781,214,204
2025-09-15,02145826103B,129,122
2025-09-15,0217820BFFB2,162,135
2025-09-15,021D82B56A3F,131,111
2025-09-15,02251388D3A2,92,81
2025-09-15,0228A99EE35A,121,105
2025-09-15,022C6F326E3B,156,146
2025-09-15,022DB47C41AC,136,112
2025-09-15,023015602FAA,179,165
2025-09-15,0230D261A1CD,240,203
2025-09-15,0230EEF72435,351,333
2025-09-15,02314F9A9168,194,174
2025-09-15,023257D29366,221,220
2025-09-15,023270320B57,127,122
2025-09-15,02388A18854F,93,79
2025-09-15,0239AD51B7AF,109,101
2025-09-15,023A663EFD87,202,193
2025-09-15,023AD5204E1C,90,88
2025-09-15,023ADDDECF84,60,46
2025-09-15,02423E0E6E9F,297,259
2025-09-15,024570739DE0,106,101
2025-09-15,02478CD90F3A,106,95
2025-09-15,024DD3A9ADCA,187,181
2025-09-15,024ED433BF7D,86,81
2025-09-15,0253BB40EDA6,281,266
2025-09-15,0257E855DBCE,125,47
2025-09-15,0259991BA036,579,395
2025-09-15,026A6007FA48,208,156
2025-09-15,027137436C87,482,448
2025-09-15,0278E06A2F67,90,84
2025-09-15,0279D2AC6ACE,295,288
2025-09-15,027B2DC4EA84,294,272
2025-09-15,027D07FC97FC,158,109
2025-09-15,027FE9CED489,67,66
2025-09-15,028764AA026E,119,107
2025-09-15,02892F51E1CB,127,107
2025-09-15,0289694A6E5B,155,145
2025-09-15,028B24EADDAD,211,194
2025-09-15,028CC0AE5719,185,170
2025-09-15,0293918A963F,102,100
2025-09-15,02980E461859,122,112
2025-09-15,029A2B32D17E,194,173
2025-09-15,029C03C2BF19,107,88
2025-09-15,029DA26B1A92,109,92
2025-09-15,02A80292CB97,106,102
2025-09-15,02B5C5ADC792,121,101
2025-09-15,02B742646A0E,147,131
2025-09-15,02BAD919855D,82,76
2025-09-15,02BD26A4C3A0,247,238
2025-09-15,02C0F45F31E7,75,3
2025-09-15,02CFFA3A3F35,103,91
2025-09-15,02D49A34B2FE,418,365
2025-09-15,02D4DFEF402A,132,131
2025-09-15,02D7623552C8,141,97
2025-09-15,02DC03A0F1E6,156,148
2025-09-15,02E12310186C,391,312
2025-09-15,02EBC6CD4398,109,94
2025-09-15,02F093C88F2E,127,113
2025-09-15,02F18EEE028A,446,406
2025-09-15,02F56F7C8E0B,167,138
2025-09-15,02F5CE7705EC,387,76
2025-09-15,02F98EB34A7A,321,314
2025-09-15,02FBDD4A2C43,78,47
2025-09-15,060C5773A61B,116,108
2025-09-15,060EE3CB4779,69,56
2025-09-15,06132D7396F8,96,84
2025-09-15,0616F247083A,546,499
2025-09-15,061A4322745C,173,160
2025-09-15,06238EE3BE6C,228,219
2025-09-15,062EA113798F,179,169
2025-09-15,0634F78DB4C5,68,62
2025-09-15,0639EA5602C1,113,104
2025-09-15,0644582257D9,140,127
2025-09-15,064AED1EC0AA,195,171
2025-09-15,064BE19B0A9E,143,137
2025-09-15,064C94C771EC,205,199
2025-09-15,064E66B5367B,208,194
2025-09-15,06509A84E873,269,263
2025-09-15,065B928716CD,108,98
2025-09-15,065C003A8D0C,267,230
2025-09-15,066430BA5119,399,366
2025-09-15,0665C3FE6D67,169,141
2025-09-15,06711BE6AD2A,117,104
2025-09-15,06787526FEB3,47,27
2025-09-15,0683D2A8DA42,69,68
2025-09-15,068553B3AA23,114,99
2025-09-15,0687F36E02C6,302,280
2025-09-15,06903F988F32,338,211
2025-09-15,0693096C4C42,306,290
2025-09-15,069357B9F15F,204,174
2025-09-15,06981FD8AA87,139,127
2025-09-15,069A98DEEB1D,262,226
2025-09-15,06AA1DE70CBF,69,67
2025-09-15,06AAA28A5D6B,172,152
2025-09-15,06AEE181F595,340,188
2025-09-15,06B162DC93E3,168,163
2025-09-15,06B641B75B29,442,367
2025-09-15,06C0D5E3BCDB,251,231
2025-09-15,06C0F27E810B,110,97
2025-09-15,06C67619095C,393,361
2025-09-15,06C77FEA9550,54,53
2025-09-15,06C98DF4F0FA,263,241
2025-09-15,06CE0F3CFB3C,61,46
2025-09-15,06D0342253A0,63,63
2025-09-15,06D388A19D5D,130,123
2025-09-15,06D6B7018E15,306,293
2025-09-15,06D7F6C73E0C,244,226
2025-09-15,06D84598CCB4,122,108
2025-09-15,06DAF11BD38F,418,395
2025-09-15,06DF118D7989,54,51
2025-09-15,06EA136A2996,205,167
2025-09-15,06EDBAE64B57,256,248
2025-09-15,06EEBD283262,99,98
2025-09-15,06EFD61B80ED,154,140
2025-09-15,06F2469B50EF,102,89
2025-09-15,06F2CDBD2C41,150,98
2025-09-15,06F40EA87663,148,143
2025-09-15,06F49BD8F572,149,38
2025-09-15,06FDA7D7B22A,245,230
2025-09-15,06FFEC2EFA5E,249,228
2025-09-15,0A0B47664A85,40,36
2025-09-15,0A10201AFE0A,53,51
2025-09-15,0A1037E90A63,228,222
2025-09-15,0A10A5A5056E,210,199
2025-09-15,0A15BC628AFC,109,82
2025-09-15,0A182EFD3C61,124,110
2025-09-15,0A184A2E46B7,80,30
2025-09-15,0A19C62F4F6D,77,60
2025-09-15,0A1FB1C98A92,131,52
2025-09-15,0A23474F1944,123,122
2025-09-15,0A25F6E3466C,69,54
2025-09-15,0A268A7E40CD,123,112
2025-09-15,0A272C5A2C9B,70,69
2025-09-15,0A2778A31BE3,140,126
2025-09-15,0A3528D089D9,166,161
2025-09-15,0A3983033084,184,161
2025-09-15,0A42B2DB6370,114,110
2025-09-15,0A4673793B3E,549,526
2025-09-15,0A485668F5C0,127,111
2025-09-15,0A4C884F240A,223,202
2025-09-15,0A4E33E2692B,170,143
2025-09-15,0A52DDE896BF,44,20
2025-09-15,0A55DA266F71,120,113
2025-09-15,0A568E79FEF6,94,84
2025-09-15,0A57338657F8,88,85
2025-09-15,0A57A684E20B,153,137
2025-09-15,0A5C1439B384,324,282
2025-09-15,0A5D017E401E,213,122
2025-09-15,0A5E96449374,65,58
2025-09-15,0A61E3165158,199,186
2025-09-15,0A62EECEEBD1,251,237
2025-09-15,0A6324E3E043,143,133
2025-09-15,0A6390E0FBA4,57,47
2025-09-15,0A663B6B4B28,136,120
2025-09-15,0A682ED9C6DD,217,124
2025-09-15,0A68A2032450,136,79
2025-09-15,0A68DF0B3D07,146,142
2025-09-15,0A68F38A6ACF,78,13
2025-09-15,0A6C571A1550,198,191
2025-09-15,0A6D3595373D,152,148
2025-09-15,0A6DA0C82CCB,174,155
2025-09-15,0A71A6F9D6C6,279,270
2025-09-15,0A78FAF47B00,82,70
2025-09-15,0A7AAFDD9E11,248,188
2025-09-15,0A7AC5BDAF86,305,163
2025-09-15,0A800188C20F,204,186
2025-09-15,0A8407CF4D85,236,213
2025-09-15,0A87B8C2734F,154,131
2025-09-15,0A8EA87BB037,320,307
2025-09-15,0A9547C11A56,244,236
2025-09-15,0A96EACD8070,208,160
2025-09-15,0A974F5D7D8C,62,43
2025-09-15,0A9A3BFD6C9B,129,119
2025-09-15,0AA18F330F59,156,55
2025-09-15,0AA2818A7B27,196,191
2025-09-15,0AA296FF247D,273,261
2025-09-15,0AA2F2CAB50B,187,117
2025-09-15,0AA3F18DE550,131,117
2025-09-15,0AA473D2FC17,202,120
2025-09-15,0AA4B065E5A5,125,57
2025-09-15,0AA9051FFFFA,156,149
2025-09-15,0AB410184143,197,186
2025-09-15,0AB5F9C21BF8,258,235
2025-09-15,0AB6B45C775A,199,152
2025-09-15,0AB97B7632EB,245,242
2025-09-15,0ABC8E60F4C1,81,70
2025-09-15,0ABD2E513F79,189,165
2025-09-15,0ABE42BE4165,222,203
2025-09-15,0AC437023B18,138,129
2025-09-15,0AD276FC5E27,147,129
2025-09-15,0AD2C92E9756,198,177
2025-09-15,0ADD02AB693D,204,180
2025-09-15,0AE03793586F,114,99
2025-09-15,0AE21E7A17E4,205,190
2025-09-15,0AE6BF39C720,77,73
2025-09-15,0AEF10F3A994,72,63
2025-09-15,0AF1F0E3B640,120,106
2025-09-15,0AF51D7D0F73,254,238
2025-09-15,0AF8DCB98E4B,43,37
2025-09-15,0AF9846E92DD,169,130
2025-09-15,0AFB7B311996,193,174
2025-09-15,0AFE702BB093,222,203
2025-09-15,0AFFC263C0D9,99,35
2025-09-15,0E03D8F69853,69,36
2025-09-15,0E0A8D6EB6B9,336,311
2025-09-15,0E0C3EB7915D,92,87
2025-09-15,0E0E2996F51A,92,81
2025-09-15,0E113B01A9A2,59,58
2025-09-15,0E11F69747A8,740,704
2025-09-15,0E121B6B8661,128,118
2025-09-15,0E1B6F4DBA34,192,162
2025-09-15,0E1C622E61BC,94,84
2025-09-15,0E1D7CA1DB0C,525,502
2025-09-15,0E21C239D865,274,256
2025-09-15,0E2575C7EE05,225,213
2025-09-15,0E2728C481CA,103,91
2025-09-15,0E293C5E4650,57,51
2025-09-15,0E2DEE345837,262,234
2025-09-15,0E31C429C185,87,78
2025-09-15,0E34282F4B53,209,201
2025-09-15,0E3D06A07E94,113,89
2025-09-15,0E3D96237639,177,117
2025-09-15,0E41CF7F74D5,380,356
2025-09-15,0E462188408C,175,172
2025-09-15,0E4CE5FB4405,398,351
2025-09-15,0E50A5B2E5C4,344,325
2025-09-15,0E543D410B0C,157,154
2025-09-15,0E55F28AB569,99,91
2025-09-15,0E5A9CEA8093,366,323
2025-09-15,0E5CD9B19DCB,281,243
2025-09-15,0E5DFCF65AD4,154,140
2025-09-15,0E61D34F9993,169,59
2025-09-15,0E69783262BE,201,187
2025-09-15,0E69C64B6E57,184,168
2025-09-15,0E6A7794AFC7,251,237
2025-09-15,0E6ACE6D3146,315,315
2025-09-15,0E6D2CBAED41,146,130
2025-09-15,0E752F1B295C,323,242
2025-09-15,0E7A8A5414C2,235,221
2025-09-15,0E892C46A442,150,146
2025-09-15,0E89F7D5B5BD,259,238
2025-09-15,0E8B8566815B,267,239
2025-09-15,0E8CF9CA526F,40,40
2025-09-15,0E8F36DAB9C2,125,107
2025-09-15,0E9761D8EB58,324,98
2025-09-15,0E9A30D927A5,301,284
2025-09-15,0E9DC914D8DF,151,141
2025-09-15,0EA0447DA91C,134,112
2025-09-15,0EA22CFA3A24,141,132
2025-09-15,0EA52A2A7581,144,130
2025-09-15,0EAEFEAEFB09,330,311
2025-09-15,0EB04F2114F4,259,254
2025-09-15,0EB6B31D8AFB,196,187
2025-09-15,0EBF1B27CDE1,61,57
2025-09-15,0EC8A35D0C20,151,123
2025-09-15,0ED0849FD6D8,80,75
2025-09-15,0ED1E9DBD593,282,240
2025-09-15,0ED4052A2763,273,248
2025-09-15,0ED5057ECE3F,357,316
2025-09-15,0EDC7177CCA9,72,69
2025-09-15,0EE071F7B24A,142,73
2025-09-15,0EE09EDA649F,259,235
2025-09-15,0EE317BA7C52,107,48
2025-09-15,0EE51B79E853,97,95
2025-09-15,0EE78E4317BB,92,88
2025-09-15,0EE9497950EE,769,717
2025-09-15,0EEA98D1BFDB,587,529
2025-09-15,0EECB108FF91,138,132
2025-09-15,0EF023E6452D,123,108
2025-09-15,0EF08481B333,247,238
2025-09-15,0EF437108E63,279,108
2025-09-15,0EF47B410B41,137,130
2025-09-15,0EFD600E2623,149,140
2025-09-22,0202CB0A6B1F,166,154
2025-09-22,02043B6BA08B,475,436
2025-09-22,02075B45BF24,146,91
2025-09-22,02091DF7CCB8,128,58
2025-09-22,02097AB58D3C,315,294
2025-09-22,020CC6FB9659,208,187
2025-09-22,02132677328F,311,122
2025-09-22,02142F017781,214,199
2025-09-22,02145826103B,129,113
2025-09-22,0217820BFFB2,162,148
2025-09-22,021D82B56A3F,131,114
2025-09-22,02251388D3A2,92,80
2025-09-22,0228A99EE35A,121,115
2025-09-22,022C6F326E3B,156,145
2025-09-22,022DB47C41AC,136,131
2025-09-22,023015602FAA,179,172
2025-09-22,0230D261A1CD,240,152
2025-09-22,0230EEF72435,351,346
2025-09-22,02314F9A9168,194,182
2025-09-22,023257D29366,221,212
2025-09-22,023270320B57,127,118
2025-09-22,02388A18854F,93,90
2025-09-22,0239AD51B7AF,109,101
2025-09-22,023A663EFD87,202,195
2025-09-22,023AD5204E1C,90,87
2025-09-22,023ADDDECF84,60,51
2025-09-22,02423E0E6E9F,297,261
2025-09-22,024570739DE0,106,101
2025-09-22,02478CD90F3A,106,93
2025-09-22,024DD3A9ADCA,187,174
2025-09-22,024ED433BF7D,86,71
2025-09-22,0253BB40EDA6,281,268
2025-09-22,0257E855DBCE,125,62
2025-09-22,0259991BA036,579,357
2025-09-22,026A6007FA48,208,173
2025-09-22,027137436C87,482,464
2025-09-22,0278E06A2F67,90,88
2025-09-22,0279D2AC6ACE,295,285
2025-09-22,027B2DC4EA84,294,290
2025-09-22,027D07FC97FC,158,123
2025-09-22,027FE9CED489,67,59
2025-09-22,028764AA026E,119,103
2025-09-22,02892F51E1CB,127,113
2025-09-22,0289694A6E5B,155,139
2025-09-22,028B24EADDAD,211,199
2025-09-22,028CC0AE5719,185,168
2025-09-22,0293918A963F,102,101
2025-09-22,02980E461859,122,119
2025-09-22,029A2B32D17E,194,166
2025-09-22,029C03C2BF19,107,90
2025-09-22,029DA26B1A92,109,104
2025-09-22,02A80292CB97,106,91
2025-09-22,02B5C5ADC792,121,103
2025-09-22,02B742646A0E,147,138
2025-09-22,02BAD919855D,82,77
2025-09-22,02BD26A4C3A0,247,226
2025-09-22,02C0F45F31E7,75,6
2025-09-22,02CFFA3A3F35,103,95
2025-09-22,02D49A34B2FE,418,390
2025-09-22,02D4DFEF402A,132,124
2025-09-22,02D7623552C8,141,105
2025-09-22,02DC03A0F1E6,156,147
2025-09-22,02E12310186C,391,241
2025-09-22,02EBC6CD4398,109,97
2025-09-22,02F093C88F2E,127,123
2025-09-22,02F18EEE028A,446,290
2025-09-22,02F56F7C8E0B,167,148
2025-09-22,02F5CE7705EC,387,132
2025-09-22,02F98EB34A7A,321,303
2025-09-22,02FBDD4A2C43,78,60
2025-09-22,060C5773A61B,116,99
2025-09-22,060EE3CB4779,69,61
2025-09-22,06132D7396F8,96,85
2025-09-22,0616F247083A,546,508
2025-09-22,061A4322745C,173,160
2025-09-22,06238EE3BE6C,228,217
2025-09-22,062EA113798F,179,160
2025-09-22,0634F78DB4C5,68,63
2025-09-22,0639EA5602C1,113,108
2025-09-22,0644582257D9,140,132
2025-09-22,064AED1EC0AA,195,173
2025-09-22,064BE19B0A9E,143,135
2025-09-22,064C94C771EC,205,200
2025-09-22,064E66B5367B,208,202
2025-09-22,06509A84E873,269,258
2025-09-22,065B928716CD,108,101
2025-09-22,065C003A8D0C,267,232
2025-09-22,066430BA5119,399,377
2025-09-22,0665C3FE6D67,169,145
2025-09-22,06711BE6AD2A,117,112
2025-09-22,06787526FEB3,47,26
2025-09-22,0683D2A8DA42,69,64
2025-09-22,068553B3AA23,114,107
2025-09-22,0687F36E02C6,302,279
2025-09-22,0693096C4C42,306,270
2025-09-22,069357B9F15F,204,192
2025-09-22,06981FD8AA87,139,126
2025-09-22,069A98DEEB1D,262,228
2025-09-22,06AA1DE70CBF,69,62
2025-09-22,06AAA28A5D6B,172,169
2025-09-22,06AEE181F595,340,234
2025-09-22,06B162DC93E3,168,158
2025-09-22,06B641B75B29,442,333
2025-09-22,06C0D5E3BCDB,251,222
2025-09-22,06C0F27E810B,110,103
2025-09-22,06C67619095C,393,372
2025-09-22,06C77FEA9550,54,48
2025-09-22,06C98DF4F0FA,263,246
2025-09-22,06CE0F3CFB3C,61,46
2025-09-22,06D0342253A0,63,61
2025-09-22,06D388A19D5D,130,126
2025-09-22,06D6B7018E15,306,292
2025-09-22,06D7F6C73E0C,244,231
2025-09-22,06D84598CCB4,122,116
2025-09-22,06DAF11BD38F,418,368
2025-09-22,06DF118D7989,54,50
2025-09-22,06EA136A2996,205,154
2025-09-22,06EDBAE64B57,256,250
2025-09-22,06EEBD283262,99,88
2025-09-22,06EFD61B80ED,154,147
2025-09-22,06F2469B50EF,102,93
2025-09-22,06F2CDBD2C41,150,76
2025-09-22,06F40EA87663,148,131
2025-09-22,06F49BD8F572,149,58
2025-09-22,06FDA7D7B22A,245,223
2025-09-22,06FFEC2EFA5E,249,230
2025-09-22,0A0B47664A85,40,38
2025-09-22,0A10201AFE0A,53,52
2025-09-22,0A1037E90A63,228,218
2025-09-22,0A10A5A5056E,210,198
2025-09-22,0A15BC628AFC,109,98
2025-09-22,0A182EFD3C61,124,105
2025-09-22,0A184A2E46B7,80,24
2025-09-22,0A19C62F4F6D,77,66
2025-09-22,0A1FB1C98A92,131,52
2025-09-22,0A23474F1944,123,117
2025-09-22,0A25F6E3466C,69,51
2025-09-22,0A268A7E40CD,123,119
2025-09-22,0A272C5A2C9B,70,61
2025-09-22,0A2778A31BE3,140,134
2025-09-22,0A3528D089D9,166,157
2025-09-22,0A3983033084,184,170
2025-09-22,0A42B2DB6370,114,112
2025-09-22,0A4673793B3E,549,526
2025-09-22,0A485668F5C0,127,119
2025-09-22,0A4C884F240A,223,187
2025-09-22,0A4E33E2692B,170,81
2025-09-22,0A52DDE896BF,44,16
2025-09-22,0A55DA266F71,120,108
2025-09-22,0A568E79FEF6,94,85
2025-09-22,0A57338657F8,88,86
2025-09-22,0A57A684E20B,153,140
2025-09-22,0A5C1439B384,324,287
2025-09-22,0A5D017E401E,213,64
2025-09-22,0A5E96449374,65,44
2025-09-22,0A61E3165158,199,197
2025-09-22,0A62EECEEBD1,251,244
2025-09-22,0A6324E3E043,143,123
2025-09-22,0A6390E0FBA4,57,48
2025-09-22,0A663B6B4B28,136,117
2025-09-22,0A682ED9C6DD,217,146
2025-09-22,0A68A2032450,136,69
2025-09-22,0A68DF0B3D07,146,146
2025-09-22,0A68F38A6ACF,78,39
2025-09-22,0A6C571A1550,198,196
2025-09-22,0A6D3595373D,152,149
2025-09-22,0A6DA0C82CCB,174,164
2025-09-22,0A71A6F9D6C6,279,267
2025-09-22,0A78FAF47B00,82,72
2025-09-22,0A7AAFDD9E11,248,211
2025-09-22,0A7AC5BDAF86,305,100
2025-09-22,0A800188C20F,204,187
2025-09-22,0A8407CF4D85,236,220
2025-09-22,0A87B8C2734F,154,132
2025-09-22,0A8EA87BB037,320,294
2025-09-22,0A9547C11A56,244,229
2025-09-22,0A96EACD8070,208,171
2025-09-22,0A974F5D7D8C,62,61
2025-09-22,0A9A3BFD6C9B,129,124
2025-09-22,0AA18F330F59,156,56
2025-09-22,0AA2818A7B27,196,184
2025-09-22,0AA296FF247D,273,247
2025-09-22,0AA2F2CAB50B,187,105
2025-09-22,0AA3F18DE550,131,125
2025-09-22,0AA473D2FC17,202,130
2025-09-22,0AA4B065E5A5,125,67
2025-09-22,0AA9051FFFFA,156,151
2025-09-22,0AB410184143,197,180
2025-09-22,0AB5F9C21BF8,258,233
2025-09-22,0AB6B45C775A,199,171
2025-09-22,0AB97B7632EB,245,235
2025-09-22,0ABC8E60F4C1,81,71
2025-09-22,0ABD2E513F79,189,156
2025-09-22,0ABE42BE4165,222,220
2025-09-22,0AC437023B18,138,125
2025-09-22,0AD276FC5E27,147,134
2025-09-22,0AD2C92E9756,198,179
2025-09-22,0ADD02AB693D,204,189
2025-09-22,0AE03793586F,114,94
2025-09-22,0AE21E7A17E4,205,188
2025-09-22,0AE6BF39C720,77,74
2025-09-22,0AEF10F3A994,72,40
2025-09-22,0AF1F0E3B640,120,112
2025-09-22,0AF51D7D0F73,254,233
2025-09-22,0AF8DCB98E4B,43,32
2025-09-22,0AF9846E92DD,169,123
2025-09-22,0AFB7B311996,193,176
2025-09-22,0AFE702BB093,222,181
2025-09-22,0AFFC263C0D9,99,52
2025-09-22,0E03D8F69853,69,25
2025-09-22,0E0A8D6EB6B9,336,308
2025-09-22,0E0C3EB7915D,92,88
2025-09-22,0E0E2996F51A,92,79
2025-09-22,0E113B01A9A2,59,57
2025-09-22,0E11F69747A8,740,719
2025-09-22,0E121B6B8661,128,123
2025-09-22,0E1B6F4DBA34,192,174
2025-09-22,0E1C622E61BC,94,83
2025-09-22,0E1D7CA1DB0C,525,511
2025-09-22,0E21C239D865,274,255
2025-09-22,0E2575C7EE05,225,199
2025-09-22,0E2728C481CA,103,94
2025-09-22,0E293C5E4650,57,53
2025-09-22,0E2DEE345837,262,252
2025-09-22,0E31C429C185,87,82
2025-09-22,0E34282F4B53,209,186
2025-09-22,0E3D06A07E94,113,82
2025-09-22,0E3D96237639,177,80
2025-09-22,0E41CF7F74D5,380,335
2025-09-22,0E462188408C,175,172
2025-09-22,0E4CE5FB4405,398,356
2025-09-22,0E50A5B2E5C4,344,325
2025-09-22,0E543D410B0C,157,143
2025-09-22,0E55F28AB569,99,93
2025-09-22,0E5A9CEA8093,366,334
2025-09-22,0E5CD9B19DCB,281,259
2025-09-22,0E5DFCF65AD4,154,150
2025-09-22,0E61D34F9993,169,51
2025-09-22,0E69783262BE,201,174
2025-09-22,0E69C64B6E57,184,178
2025-09-22,0E6A7794AFC7,251,238
2025-09-22,0E6ACE6D3146,315,307
2025-09-22,0E6D2CBAED41,146,125
2025-09-22,0E752F1B295C,323,249
2025-09-22,0E7A8A5414C2,235,230
2025-09-22,0E892C46A442,150,148
2025-09-22,0E89F7D5B5BD,259,240
2025-09-22,0E8B8566815B,267,246
2025-09-22,0E8CF9CA526F,40,40
2025-09-22,0E8F36DAB9C2,125,106
2025-09-22,0E9761D8EB58,324,55
2025-09-22,0E9A30D927A5,301,271
2025-09-22,0E9DC914D8DF,151,144
2025-09-22,0EA0447DA91C,134,81
2025-09-22,0EA22CFA3A24,141,133
2025-09-22,0EA52A2A7581,144,138
2025-09-22,0EAEFEAEFB09,330,324
2025-09-22,0EB04F2114F4,259,253
2025-09-22,0EB6B31D8AFB,196,178
2025-09-22,0EBF1B27CDE1,61,55
2025-09-22,0EC8A35D0C20,151,115
2025-09-22,0ED0849FD6D8,80,72
2025-09-22,0ED1E9DBD593,282,258
2025-09-22,0ED4052A2763,273,258
2025-09-22,0ED5057ECE3F,357,315
2025-09-22,0EDC7177CCA9,72,70
2025-09-22,0EE071F7B24A,142,79
2025-09-22,0EE09EDA649F,259,240
2025-09-22,0EE317BA7C52,107,36
2025-09-22,0EE51B79E853,97,90
2025-09-22,0EE78E4317BB,92,89
2025-09-22,0EE9497950EE,769,685
2025-09-22,0EEA98D1BFDB,587,566
2025-09-22,0EECB108FF91,138,131
2025-09-22,0EF023E6452D,123,106
2025-09-22,0EF08481B333,247,214
2025-09-22,0EF437108E63,279,141
2025-09-22,0EF47B410B41,137,122
2025-09-22,0EFD600E2623,149,139
2025-09-29,0202CB0A6B1F,166,158
2025-09-29,02043B6BA08B,475,438
2025-09-29,02075B45BF24,146,113
2025-09-29,02091DF7CCB8,128,66
2025-09-29,02097AB58D3C,315,302
2025-09-29,020CC6FB9659,208,180
2025-09-29,02132677328F,311,102
2025-09-29,02142F017781,214,190
2025-09-29,02145826103B,129,116
2025-09-29,0217820BFFB2,162,147
2025-09-29,021D82B56A3F,131,118
2025-09-29,02251388D3A2,92,79
2025-09-29,0228A99EE35A,121,120
2025-09-29,022C6F326E3B,156,146
2025-09-29,022DB47C41AC,136,124
2025-09-29,023015602FAA,179,172
2025-09-29,0230D261A1CD,240,114
2025-09-29,0230EEF72435,351,344
2025-09-29,02314F9A9168,194,186
2025-09-29,023257D29366,221,221
2025-09-29,023270320B57,127,122
2025-09-29,02388A18854F,93,87
2025-09-29,0239AD51B7AF,109,105
2025-09-29,023A663EFD87,202,198
2025-09-29,023AD5204E1C,90,87
2025-09-29,023ADDDECF84,60,54
2025-09-29,02423E0E6E9F,297,259
2025-09-29,024570739DE0,106,105
2025-09-29,02478CD90F3A,106,94
2025-09-29,024DD3A9ADCA,187,163
2025-09-29,024ED433BF7D,86,79
2025-09-29,0253BB40EDA6,281,269
2025-09-29,0257E855DBCE,125,43
2025-09-29,0259991BA036,579,240
2025-09-29,026A6007FA48,208,171
2025-09-29,027137436C87,482,453
2025-09-29,0278E06A2F67,90,86
2025-09-29,0279D2AC6ACE,295,292
2025-09-29,027B2DC4EA84,294,283
2025-09-29,027D07FC97FC,158,124
2025-09-29,027FE9CED489,67,62
2025-09-29,028764AA026E,119,106
2025-09-29,02892F51E1CB,127,106
2025-09-29,0289694A6E5B,155,150
2025-09-29,028B24EADDAD,211,176
2025-09-29,028CC0AE5719,185,179
2025-09-29,0293918A963F,102,100
2025-09-29,02980E461859,122,112
2025-09-29,029A2B32D17E,194,163
2025-09-29,029C03C2BF19,107,91
2025-09-29,029DA26B1A92,109,109
2025-09-29,02A80292CB97,106,83
2025-09-29,02B5C5ADC792,121,104
2025-09-29,02B742646A0E,147,143
2025-09-29,02BAD919855D,82,79
2025-09-29,02BD26A4C3A0,247,224
2025-09-29,02C0F45F31E7,75,4
2025-09-29,02CFFA3A3F35,103,100
2025-09-29,02D49A34B2FE,418,395
2025-09-29,02D4DFEF402A,132,126
2025-09-29,02D7623552C8,141,111
2025-09-29,02DC03A0F1E6,156,139
2025-09-29,02E12310186C,391,186
2025-09-29,02EBC6CD4398,109,91
2025-09-29,02F093C88F2E,127,116
2025-09-29,02F18EEE028A,446,201
2025-09-29,02F56F7C8E0B,167,155
2025-09-29,02F5CE7705EC,387,244
2025-09-29,02F98EB34A7A,321,310
2025-09-29,02FBDD4A2C43,78,63
2025-09-29,060C5773A61B,116,100
2025-09-29,060EE3CB4779,69,57
2025-09-29,06132D7396F8,96,88
2025-09-29,0616F247083A,546,487
2025-09-29,061A4322745C,173,149
2025-09-29,06238EE3BE6C,228,220
2025-09-29,062EA113798F,179,159
2025-09-29,0634F78DB4C5,68,59
2025-09-29,0639EA5602C1,113,107
2025-09-29,0644582257D9,140,134
2025-09-29,064AED1EC0AA,195,171
2025-09-29,064BE19B0A9E,143,130
2025-09-29,064C94C771EC,205,200
2025-09-29,064E66B5367B,208,202
2025-09-29,06509A84E873,269,263
2025-09-29,065B928716CD,108,95
2025-09-29,065C003A8D0C,267,220
2025-09-29,066430BA5119,399,377
2025-09-29,0665C3FE6D67,169,158
2025-09-29,06711BE6AD2A,117,107
2025-09-29,06787526FEB3,47,31
2025-09-29,0683D2A8DA42,69,63
2025-09-29,068553B3AA23,114,105
2025-09-29,0687F36E02C6,302,292
2025-09-29,0693096C4C42,306,283
2025-09-29,069357B9F15F,204,196
2025-09-29,06981FD8AA87,139,124
2025-09-29,069A98DEEB1D,262,229
2025-09-29,06AA1DE70CBF,69,63
2025-09-29,06AAA28A5D6B,172,161
2025-09-29,06AEE181F595,340,263
2025-09-29,06B162DC93E3,168,161
2025-09-29,06B641B75B29,442,357
2025-09-29,06C0D5E3BCDB,251,227
2025-09-29,06C0F27E810B,110,102
2025-09-29,06C67619095C,393,347
2025-09-29,06C77FEA9550,54,47
2025-09-29,06C98DF4F0FA,263,234
2025-09-29,06CE0F3CFB3C,61,52
2025-09-29,06D0342253A0,63,62
2025-09-29,06D388A19D5D,130,117
2025-09-29,06D6B7018E15,306,288
2025-09-29,06D7F6C73E0C,244,233
2025-09-29,06D84598CCB4,122,107
2025-09-29,06DAF11BD38F,418,366
2025-09-29,06DF118D7989,54,48
2025-09-29,06EA136A2996,205,166
2025-09-29,06EDBAE64B57,256,246
2025-09-29,06EEBD283262,99,99
2025-09-29,06EFD61B80ED,154,152
2025-09-29,06F2469B50EF,102,95
2025-09-29,06F2CDBD2C41,150,48
2025-09-29,06F40EA87663,148,128
2025-09-29,06F49BD8F572,149,72
2025-09-29,06FDA7D7B22A,245,227
2025-09-29,06FFEC2EFA5E,249,233
2025-09-29,0A0B47664A85,40,37
2025-09-29,0A10201AFE0A,53,50
2025-09-29,0A1037E90A63,228,213
2025-09-29,0A10A5A5056E,210,203
2025-09-29,0A15BC628AFC,109,87
2025-09-29,0A182EFD3C61,124,111
2025-09-29,0A184A2E46B7,80,43
2025-09-29,0A19C62F4F6D,77,65
2025-09-29,0A1FB1C98A92,131,26
2025-09-29,0A23474F1944,123,123
2025-09-29,0A25F6E3466C,69,57
2025-09-29,0A268A7E40CD,123,115
2025-09-29,0A272C5A2C9B,70,63
2025-09-29,0A2778A31BE3,140,128
2025-09-29,0A3528D089D9,166,161
2025-09-29,0A3983033084,184,170
2025-09-29,0A42B2DB6370,114,103
2025-09-29,0A4673793B3E,549,501
2025-09-29,0A485668F5C0,127,112
2025-09-29,0A4C884F240A,223,181
2025-09-29,0A4E33E2692B,170,45
2025-09-29,0A52DDE896BF,44,21
2025-09-29,0A55DA266F71,120,99
2025-09-29,0A568E79FEF6,94,88
2025-09-29,0A57338657F8,88,85
2025-09-29,0A57A684E20B,153,138
2025-09-29,0A5C1439B384,324,297
2025-09-29,0A5D017E401E,213,57
2025-09-29,0A5E96449374,65,40
2025-09-29,0A61E3165158,199,191
2025-09-29,0A62EECEEBD1,251,239
2025-09-29,0A6324E3E043,143,95
2025-09-29,0A6390E0FBA4,57,48
2025-09-29,0A663B6B4B28,136,121
2025-09-29,0A682ED9C6DD,217,157
2025-09-29,0A68A2032450,136,58
2025-09-29,0A68DF0B3D07,146,137
2025-09-29,0A68F38A6ACF,78,49
2025-09-29,0A6C571A1550,198,181
2025-09-29,0A6D3595373D,152,135
2025-09-29,0A6DA0C82CCB,174,169
2025-09-29,0A71A6F9D6C6,279,269
2025-09-29,0A78FAF47B00,82,72
2025-09-29,0A7AAFDD9E11,248,219
2025-09-29,0A7AC5BDAF86,305,53
2025-09-29,0A800188C20F,204,186
2025-09-29,0A8407CF4D85,236,223
2025-09-29,0A87B8C2734F,154,137
2025-09-29,0A8EA87BB037,320,283
2025-09-29,0A9547C11A56,244,226
2025-09-29,0A96EACD8070,208,184
2025-09-29,0A974F5D7D8C,62,53
2025-09-29,0A9A3BFD6C9B,129,123
2025-09-29,0AA18F330F59,156,85
2025-09-29,0AA2818A7B27,196,183
2025-09-29,0AA296FF247D,273,255
2025-09-29,0AA2F2CAB50B,187,87
2025-09-29,0AA3F18DE550,131,121
2025-09-29,0AA473D2FC17,202,152
2025-09-29,0AA4B065E5A5,125,83
2025-09-29,0AA9051FFFFA,156,154
2025-09-29,0AB410184143,197,181
2025-09-29,0AB5F9C21BF8,258,239
2025-09-29,0AB6B45C775A,199,159
2025-09-29,0AB97B7632EB,245,241
2025-09-29,0ABC8E60F4C1,81,77
2025-09-29,0ABD2E513F79,189,161
2025-09-29,0ABE42BE4165,222,205
2025-09-29,0AC437023B18,138,126
2025-09-29,0AD276FC5E27,147,131
2025-09-29,0AD2C92E9756,198,177
2025-09-29,0ADD02AB693D,204,189
2025-09-29,0AE03793586F,114,109
2025-09-29,0AE21E7A17E4,205,182
2025-09-29,0AE6BF39C720,77,72
2025-09-29,0AEF10F3A994,72,22
2025-09-29,0AF1F0E3B640,120,108
2025-09-29,0AF51D7D0F73,254,228
2025-09-29,0AF8DCB98E4B,43,37
2025-09-29,0AF9846E92DD,169,95
2025-09-29,0AFB7B311996,193,162
2025-09-29,0AFE702BB093,222,191
2025-09-29,0AFFC263C0D9,99,61
2025-09-29,0E03D8F69853,69,30
2025-09-29,0E0A8D6EB6B9,336,287
2025-09-29,0E0C3EB7915D,92,82
2025-09-29,0E0E2996F51A,92,83
2025-09-29,0E113B01A9A2,59,57
2025-09-29,0E11F69747A8,740,711
2025-09-29,0E121B6B8661,128,109
2025-09-29,0E1B6F4DBA34,192,172
2025-09-29,0E1C622E61BC,94,84
2025-09-29,0E1D7CA1DB0C,525,508
2025-09-29,0E21C239D865,274,257
2025-09-29,0E2575C7EE05,225,210
2025-09-29,0E2728C481CA,103,91
2025-09-29,0E293C5E4650,57,54
2025-09-29,0E2DEE345837,262,240
2025-09-29,0E31C429C185,87,83
2025-09-29,0E34282F4B53,209,191
2025-09-29,0E3D06A07E94,113,87
2025-09-29,0E3D96237639,177,53
2025-09-29,0E41CF7F74D5,380,358
2025-09-29,0E462188408C,175,166
2025-09-29,0E4CE5FB4405,398,329
2025-09-29,0E50A5B2E5C4,344,305
2025-09-29,0E543D410B0C,157,136
2025-09-29,0E55F28AB569,99,96
2025-09-29,0E5A9CEA8093,366,328
2025-09-29,0E5CD9B19DCB,281,270
2025-09-29,0E5DFCF65AD4,154,146
2025-09-29,0E61D34F9993,169,53
2025-09-29,0E69783262BE,201,193
2025-09-29,0E69C64B6E57,184,176
2025-09-29,0E6A7794AFC7,251,237
2025-09-29,0E6ACE6D3146,315,302
2025-09-29,0E6D2CBAED41,146,124
2025-09-29,0E752F1B295C,323,281
2025-09-29,0E7A8A5414C2,235,220
2025-09-29,0E892C46A442,150,145
2025-09-29,0E89F7D5B5BD,259,218
2025-09-29,0E8B8566815B,267,254
2025-09-29,0E8CF9CA526F,40,37
2025-09-29,0E8F36DAB9C2,125,110
2025-09-29,0E9761D8EB58,324,51
2025-09-29,0E9A30D927A5,301,268
2025-09-29,0E9DC914D8DF,151,148
2025-09-29,0EA0447DA91C,134,58
2025-09-29,0EA22CFA3A24,141,134
2025-09-29,0EA52A2A7581,144,132
2025-09-29,0EAEFEAEFB09,330,321
2025-09-29,0EB04F2114F4,259,249
2025-09-29,0EB6B31D8AFB,196,181
2025-09-29,0EBF1B27CDE1,61,57
2025-09-29,0EC8A35D0C20,151,136
2025-09-29,0ED0849FD6D8,80,55
2025-09-29,0ED1E9DBD593,282,263
2025-09-29,0ED4052A2763,273,259
2025-09-29,0ED5057ECE3F,357,321
2025-09-29,0EDC7177CCA9,72,66
2025-09-29,0EE071F7B24A,142,101
2025-09-29,0EE09EDA649F,259,228
2025-09-29,0EE317BA7C52,107,27
2025-09-29,0EE51B79E853,97,90
2025-09-29,0EE78E4317BB,92,89
2025-09-29,0EE9497950EE,769,724
2025-09-29,0EEA98D1BFDB,587,549
2025-09-29,0EECB108FF91,138,133
2025-09-29,0EF023E6452D,123,118
2025-09-29,0EF08481B333,247,222
2025-09-29,0EF437108E63,279,168
2025-09-29,0EF47B410B41,137,118
2025-09-29,0EFD600E2623,149,148
2025-10-06,0202CB0A6B1F,166,162
2025-10-06,02043B6BA08B,475,430
2025-10-06,02075B45BF24,146,124
2025-10-06,02091DF7CCB8,128,64
2025-10-06,02097AB58D3C,315,296
2025-10-06,020CC6FB9659,208,194
2025-10-06,02132677328F,311,86
2025-10-06,02142F017781,214,185
2025-10-06,02145826103B,129,114
2025-10-06,0217820BFFB2,162,148
2025-10-06,021D82B56A3F,131,121
2025-10-06,02251388D3A2,92,91
2025-10-06,0228A99EE35A,121,109
2025-10-06,022C6F326E3B,156,148
2025-10-06,022DB47C41AC,136,131
2025-10-06,023015602FAA,179,168
2025-10-06,0230D261A1CD,240,77
2025-10-06,0230EEF72435,351,341
2025-10-06,02314F9A9168,194,188
2025-10-06,023257D29366,221,199
2025-10-06,023270320B57,127,115
2025-10-06,02388A18854F,93,89
2025-10-06,0239AD51B7AF,109,100
2025-10-06,023A663EFD87,202,186
2025-10-06,023AD5204E1C,90,87
2025-10-06,023ADDDECF84,60,43
2025-10-06,02423E0E6E9F,297,285
2025-10-06,024570739DE0,106,96
2025-10-06,02478CD90F3A,106,87
2025-10-06,024DD3A9ADCA,187,172
2025-10-06,024ED433BF7D,86,77
2025-10-06,0253BB40EDA6,281,254
2025-10-06,0257E855DBCE,125,29
2025-10-06,0259991BA036,579,235
2025-10-06,026A6007FA48,208,188
2025-10-06,027137436C87,482,477
2025-10-06,0278E06A2F67,90,82
2025-10-06,0279D2AC6ACE,295,285
2025-10-06,027B2DC4EA84,294,277
2025-10-06,027D07FC97FC,158,115
2025-10-06,027FE9CED489,67,66
2025-10-06,028764AA026E,119,111
2025-10-06,02892F51E1CB,127,95
2025-10-06,0289694A6E5B,155,142
2025-10-06,028B24EADDAD,211,176
2025-10-06,028CC0AE5719,185,167
2025-10-06,0293918A963F,102,102
2025-10-06,02980E461859,122,119
2025-10-06,029A2B32D17E,194,180
2025-10-06,029C03C2BF19,107,97
2025-10-06,029DA26B1A92,109,104
2025-10-06,02A80292CB97,106,93
2025-10-06,02B5C5ADC792,121,103
2025-10-06,02B742646A0E,147,138
2025-10-06,02BAD919855D,82,77
2025-10-06,02BD26A4C3A0,247,214
2025-10-06,02C0F45F31E7,75,4
2025-10-06,02CFFA3A3F35,103,98
2025-10-06,02D49A34B2FE,418,364
2025-10-06,02D4DFEF402A,132,129
2025-10-06,02D7623552C8,141,118
2025-10-06,02DC03A0F1E6,156,143
2025-10-06,02E12310186C,391,189
2025-10-06,02EBC6CD4398,109,106
2025-10-06,02F093C88F2E,127,116
2025-10-06,02F18EEE028A,446,190
2025-10-06,02F56F7C8E0B,167,157
2025-10-06,02F5CE7705EC,387,267
2025-10-06,02F98EB34A7A,321,313
2025-10-06,02FBDD4A2C43,78,67
2025-10-06,060C5773A61B,116,111
2025-10-06,060EE3CB4779,69,66
2025-10-06,06132D7396F8,96,68
2025-10-06,0616F247083A,546,503
2025-10-06,061A4322745C,173,157
2025-10-06,06238EE3BE6C,228,219
2025-10-06,062EA113798F,179,175
2025-10-06,0634F78DB4C5,68,59
2025-10-06,0639EA5602C1,113,102
2025-10-06,0644582257D9,140,133
2025-10-06,064AED1EC0AA,195,178
2025-10-06,064BE19B0A9E,143,139
2025-10-06,064C94C771EC,205,204
2025-10-06,064E66B5367B,208,200
2025-10-06,06509A84E873,269,261
2025-10-06,065B928716CD,108,99
2025-10-06,065C003A8D0C,267,233
2025-10-06,066430BA5119,399,386
2025-10-06,0665C3FE6D67,169,152
2025-10-06,06711BE6AD2A,117,114
2025-10-06,06787526FEB3,47,37
2025-10-06,0683D2A8DA42,69,67
2025-10-06,068553B3AA23,114,106
2025-10-06,0687F36E02C6,302,290
2025-10-06,069357B9F15F,204,195
2025-10-06,06981FD8AA87,139,127
2025-10-06,069A98DEEB1D,262,225
2025-10-06,06AA1DE70CBF,69,67
2025-10-06,06AAA28A5D6B,172,163
2025-10-06,06AEE181F595,340,301
2025-10-06,06B162DC93E3,168,160
2025-10-06,06B641B75B29,442,371
2025-10-06,06C0D5E3BCDB,251,226
2025-10-06,06C0F27E810B,110,108
2025-10-06,06C67619095C,393,345
2025-10-06,06C77FEA9550,54,48
2025-10-06,06C98DF4F0FA,263,232
2025-10-06,06CE0F3CFB3C,61,51
2025-10-06,06D0342253A0,63,57
2025-10-06,06D388A19D5D,130,121
2025-10-06,06D6B7018E15,306,281
2025-10-06,06D7F6C73E0C,244,239
2025-10-06,06D84598CCB4,122,107
2025-10-06,06DAF11BD38F,418,391
2025-10-06,06DF118D7989,54,48
2025-10-06,06EA136A2996,205,187
2025-10-06,06EDBAE64B57,256,229
2025-10-06,06EEBD283262,99,94
2025-10-06,06EFD61B80ED,154,152
2025-10-06,06F2469B50EF,102,95
2025-10-06,06F2CDBD2C41,150,87
2025-10-06,06F40EA87663,148,131
2025-10-06,06F49BD8F572,149,100
2025-10-06,06FDA7D7B22A,245,245
2025-10-06,06FFEC2EFA5E,249,229
2025-10-06,0A0B47664A85,40,40
2025-10-06,0A10201AFE0A,53,51
2025-10-06,0A1037E90A63,228,219
2025-10-06,0A10A5A5056E,210,194
2025-10-06,0A15BC628AFC,109,95
2025-10-06,0A182EFD3C61,124,104
2025-10-06,0A184A2E46B7,80,51
2025-10-06,0A19C62F4F6D,77,72
2025-10-06,0A1FB1C98A92,131,39
2025-10-06,0A23474F1944,123,111
2025-10-06,0A25F6E3466C,69,61
2025-10-06,0A268A7E40CD,123,116
2025-10-06,0A272C5A2C9B,70,66
2025-10-06,0A2778A31BE3,140,131
2025-10-06,0A3528D089D9,166,157
2025-10-06,0A3983033084,184,159
2025-10-06,0A42B2DB6370,114,111
2025-10-06,0A4673793B3E,549,531
2025-10-06,0A485668F5C0,127,115
2025-10-06,0A4C884F240A,223,202
2025-10-06,0A4E33E2692B,170,32
2025-10-06,0A52DDE896BF,44,20
2025-10-06,0A55DA266F71,120,117
2025-10-06,0A568E79FEF6,94,83
2025-10-06,0A57338657F8,88,88
2025-10-06,0A57A684E20B,153,135
2025-10-06,0A5C1439B384,324,308
2025-10-06,0A5D017E401E,213,43
2025-10-06,0A5E96449374,65,50
2025-10-06,0A61E3165158,199,181
2025-10-06,0A62EECEEBD1,251,243
2025-10-06,0A6324E3E043,143,101
2025-10-06,0A6390E0FBA4,57,46
2025-10-06,0A663B6B4B28,136,115
2025-10-06,0A682ED9C6DD,217,175
2025-10-06,0A68A2032450,136,49
2025-10-06,0A68DF0B3D07,146,140
2025-10-06,0A68F38A6ACF,78,55
2025-10-06,0A6C571A1550,198,185
2025-10-06,0A6D3595373D,152,147
2025-10-06,0A6DA0C82CCB,174,166
2025-10-06,0A71A6F9D6C6,279,273
2025-10-06,0A78FAF47B00,82,73
2025-10-06,0A7AAFDD9E11,248,223
2025-10-06,0A7AC5BDAF86,305,36
2025-10-06,0A800188C20F,204,178
2025-10-06,0A8407CF4D85,236,225
2025-10-06,0A87B8C2734F,154,134
2025-10-06,0A8EA87BB037,320,297
2025-10-06,0A9547C11A56,244,216
2025-10-06,0A96EACD8070,208,174
2025-10-06,0A974F5D7D8C,62,48
2025-10-06,0A9A3BFD6C9B,129,122
2025-10-06,0AA18F330F59,156,99
2025-10-06,0AA2818A7B27,196,189
2025-10-06,0AA296FF247D,273,244
2025-10-06,0AA2F2CAB50B,187,108
2025-10-06,0AA3F18DE550,131,114
2025-10-06,0AA473D2FC17,202,169
2025-10-06,0AA4B065E5A5,125,96
2025-10-06,0AA9051FFFFA,156,148
2025-10-06,0AB410184143,197,177
2025-10-06,0AB5F9C21BF8,258,233
2025-10-06,0AB6B45C775A,199,177
2025-10-06,0AB97B7632EB,245,239
2025-10-06,0ABC8E60F4C1,81,74
2025-10-06,0ABD2E513F79,189,168
2025-10-06,0ABE42BE4165,222,206
2025-10-06,0AC437023B18,138,7
2025-10-06,0AD276FC5E27,147,116
2025-10-06,0AD2C92E9756,198,189
2025-10-06,0ADD02AB693D,204,194
2025-10-06,0AE03793586F,114,103
2025-10-06,0AE21E7A17E4,205,189
2025-10-06,0AE6BF39C720,77,75
2025-10-06,0AEF10F3A994,72,34
2025-10-06,0AF1F0E3B640,120,98
2025-10-06,0AF51D7D0F73,254,213
2025-10-06,0AF8DCB98E4B,43,34
2025-10-06,0AF9846E92DD,169,95
2025-10-06,0AFB7B311996,193,179
2025-10-06,0AFE702BB093,222,180
2025-10-06,0AFFC263C0D9,99,70
2025-10-06,0E03D8F69853,69,45
2025-10-06,0E0A8D6EB6B9,336,306
2025-10-06,0E0C3EB7915D,92,88
2025-10-06,0E0E2996F51A,92,86
2025-10-06,0E113B01A9A2,59,56
2025-10-06,0E11F69747A8,740,721
2025-10-06,0E121B6B8661,128,110
2025-10-06,0E1B6F4DBA34,192,175
2025-10-06,0E1C622E61BC,94,80
2025-10-06,0E1D7CA1DB0C,525,500
2025-10-06,0E21C239D865,274,266
2025-10-06,0E2575C7EE05,225,193
2025-10-06,0E2728C481CA,103,93
2025-10-06,0E293C5E4650,57,54
2025-10-06,0E2DEE345837,262,248
2025-10-06,0E31C429C185,87,79
2025-10-06,0E34282F4B53,209,199
2025-10-06,0E3D06A07E94,113,96
2025-10-06,0E3D96237639,177,31
2025-10-06,0E41CF7F74D5,380,363
2025-10-06,0E462188408C,175,161
2025-10-06,0E4CE5FB4405,398,326
2025-10-06,0E50A5B2E5C4,344,306
2025-10-06,0E543D410B0C,157,144
2025-10-06,0E55F28AB569,99,96
2025-10-06,0E5A9CEA8093,366,331
2025-10-06,0E5CD9B19DCB,281,257
2025-10-06,0E5DFCF65AD4,154,150
2025-10-06,0E61D34F9993,169,42
2025-10-06,0E69783262BE,201,182
2025-10-06,0E69C64B6E57,184,161
2025-10-06,0E6A7794AFC7,251,243
2025-10-06,0E6ACE6D3146,315,301
2025-10-06,0E6D2CBAED41,146,130
2025-10-06,0E752F1B295C,323,254
2025-10-06,0E7A8A5414C2,235,216
2025-10-06,0E892C46A442,150,150
2025-10-06,0E89F7D5B5BD,259,204
2025-10-06,0E8B8566815B,267,246
2025-10-06,0E8CF9CA526F,40,38
2025-10-06,0E8F36DAB9C2,125,103
2025-10-06,0E9761D8EB58,324,86
2025-10-06,0E9A30D927A5,301,252
2025-10-06,0E9DC914D8DF,151,142
2025-10-06,0EA0447DA91C,134,32
2025-10-06,0EA22CFA3A24,141,133
2025-10-06,0EA52A2A7581,144,132
2025-10-06,0EAEFEAEFB09,330,317
2025-10-06,0EB04F2114F4,259,254
2025-10-06,0EB6B31D8AFB,196,193
2025-10-06,0EBF1B27CDE1,61,55
2025-10-06,0EC8A35D0C20,151,133
2025-10-06,0ED0849FD6D8,80,39
2025-10-06,0ED1E9DBD593,282,248
2025-10-06,0ED4052A2763,273,264
2025-10-06,0ED5057ECE3F,357,314
2025-10-06,0EDC7177CCA9,72,68
2025-10-06,0EE071F7B24A,142,116
2025-10-06,0EE09EDA649F,259,226
2025-10-06,0EE317BA7C52,107,25
2025-10-06,0EE51B79E853,97,97
2025-10-06,0EE78E4317BB,92,74
2025-10-06,0EE9497950EE,769,728
2025-10-06,0EEA98D1BFDB,587,528
2025-10-06,0EECB108FF91,138,132
2025-10-06,0EF023E6452D,123,112
2025-10-06,0EF08481B333,247,232
2025-10-06,0EF437108E63,279,238
2025-10-06,0EF47B410B41,137,122
2025-10-06,0EFD600E2623,149,145
2025-10-13,0202CB0A6B1F,166,153
2025-10-13,02043B6BA08B,475,393
2025-10-13,02075B45BF24,146,134
2025-10-13,02091DF7CCB8,128,85
2025-10-13,02097AB58D3C,315,299
2025-10-13,020CC6FB9659,208,202
2025-10-13,02132677328F,311,139
2025-10-13,02142F017781,214,182
2025-10-13,02145826103B,129,113
2025-10-13,0217820BFFB2,162,152
2025-10-13,021D82B56A3F,131,119
2025-10-13,02251388D3A2,92,85
2025-10-13,0228A99EE35A,121,119
2025-10-13,022C6F326E3B,156,141
2025-10-13,022DB47C41AC,136,114
2025-10-13,023015602FAA,179,173
2025-10-13,0230D261A1CD,240,74
2025-10-13,0230EEF72435,351,350
2025-10-13,02314F9A9168,194,185
2025-10-13,023257D29366,221,193
2025-10-13,023270320B57,127,114
2025-10-13,02388A18854F,93,78
2025-10-13,0239AD51B7AF,109,104
2025-10-13,023A663EFD87,202,194
2025-10-13,023AD5204E1C,90,86
2025-10-13,023ADDDECF84,60,36
2025-10-13,02423E0E6E9F,297,277
2025-10-13,024570739DE0,106,80
2025-10-13,02478CD90F3A,106,88
2025-10-13,024DD3A9ADCA,187,174
2025-10-13,024ED433BF7D,86,75
2025-10-13,0253BB40EDA6,281,262
2025-10-13,0257E855DBCE,125,20
2025-10-13,0259991BA036,579,214
2025-10-13,026A6007FA48,208,192
2025-10-13,027137436C87,482,466
2025-10-13,0278E06A2F67,90,79
2025-10-13,0279D2AC6ACE,295,275
2025-10-13,027B2DC4EA84,294,284
2025-10-13,027D07FC97FC,158,98
2025-10-13,027FE9CED489,67,66
2025-10-13,028764AA026E,119,106
2025-10-13,02892F51E1CB,127,103
2025-10-13,0289694A6E5B,155,148
2025-10-13,028B24EADDAD,211,106
2025-10-13,028CC0AE5719,185,162
2025-10-13,0293918A963F,102,95
2025-10-13,02980E461859,122,122
2025-10-13,029A2B32D17E,194,188
2025-10-13,029C03C2BF19,107,99
2025-10-13,029DA26B1A92,109,107
2025-10-13,02A80292CB97,106,98
2025-10-13,02B5C5ADC792,121,102
2025-10-13,02B742646A0E,147,130
2025-10-13,02BAD919855D,82,75
2025-10-13,02BD26A4C3A0,247,233
2025-10-13,02C0F45F31E7,75,7
2025-10-13,02CFFA3A3F35,103,98
2025-10-13,02D49A34B2FE,418,298
2025-10-13,02D4DFEF402A,132,127
2025-10-13,02D7623552C8,141,131
2025-10-13,02DC03A0F1E6,156,152
2025-10-13,02E12310186C,391,146
2025-10-13,02EBC6CD4398,109,101
2025-10-13,02F093C88F2E,127,123
2025-10-13,02F18EEE028A,446,171
2025-10-13,02F56F7C8E0B,167,147
2025-10-13,02F5CE7705EC,387,308
2025-10-13,02F98EB34A7A,321,298
2025-10-13,02FBDD4A2C43,78,61
2025-10-13,060C5773A61B,116,103
2025-10-13,060EE3CB4779,69,63
2025-10-13,06132D7396F8,96,36
2025-10-13,0616F247083A,546,518
2025-10-13,061A4322745C,173,144
2025-10-13,06238EE3BE6C,228,209
2025-10-13,062EA113798F,179,167
2025-10-13,0634F78DB4C5,68,55
2025-10-13,0639EA5602C1,113,106
2025-10-13,0644582257D9,140,133
2025-10-13,064AED1EC0AA,195,174
2025-10-13,064BE19B0A9E,143,139
2025-10-13,064C94C771EC,205,199
2025-10-13,064E66B5367B,208,202
2025-10-13,06509A84E873,269,263
2025-10-13,065B928716CD,108,97
2025-10-13,065C003A8D0C,267,232
2025-10-13,066430BA5119,399,358
2025-10-13,0665C3FE6D67,169,163
2025-10-13,06711BE6AD2A,117,104
2025-10-13,06787526FEB3,47,44
2025-10-13,0683D2A8DA42,69,67
2025-10-13,068553B3AA23,114,109
2025-10-13,0687F36E02C6,302,284
2025-10-13,069357B9F15F,204,199
2025-10-13,06981FD8AA87,139,123
2025-10-13,069A98DEEB1D,262,228
2025-10-13,06AA1DE70CBF,69,57
2025-10-13,06AAA28A5D6B,172,165
2025-10-13,06AEE181F595,340,292
2025-10-13,06B162DC93E3,168,165
2025-10-13,06B641B75B29,442,364
2025-10-13,06C0D5E3BCDB,251,225
2025-10-13,06C0F27E810B,110,103
2025-10-13,06C67619095C,393,352
2025-10-13,06C77FEA9550,54,52
2025-10-13,06C98DF4F0FA,263,249
2025-10-13,06CE0F3CFB3C,61,59
2025-10-13,06D0342253A0,63,58
2025-10-13,06D388A19D5D,130,123
2025-10-13,06D6B7018E15,306,291
2025-10-13,06D7F6C73E0C,244,234
2025-10-13,06D84598CCB4,122,113
2025-10-13,06DAF11BD38F,418,397
2025-10-13,06DF118D7989,54,48
2025-10-13,06EA136A2996,205,180
2025-10-13,06EDBAE64B57,256,247
2025-10-13,06EEBD283262,99,94
2025-10-13,06EFD61B80ED,154,147
2025-10-13,06F2469B50EF,102,95
2025-10-13,06F2CDBD2C41,150,102
2025-10-13,06F40EA87663,148,133
2025-10-13,06F49BD8F572,149,120
2025-10-13,06FDA7D7B22A,245,245
2025-10-13,06FFEC2EFA5E,249,228
2025-10-13,0A0B47664A85,40,39
2025-10-13,0A10201AFE0A,53,48
2025-10-13,0A1037E90A63,228,210
2025-10-13,0A10A5A5056E,210,203
2025-10-13,0A15BC628AFC,109,95
2025-10-13,0A182EFD3C61,124,97
2025-10-13,0A184A2E46B7,80,60
2025-10-13,0A19C62F4F6D,77,72
2025-10-13,0A1FB1C98A92,131,69
2025-10-13,0A23474F1944,123,120
2025-10-13,0A25F6E3466C,69,67
2025-10-13,0A268A7E40CD,123,117
2025-10-13,0A272C5A2C9B,70,61
2025-10-13,0A2778A31BE3,140,129
2025-10-13,0A3528D089D9,166,152
2025-10-13,0A3983033084,184,160
2025-10-13,0A42B2DB6370,114,113
2025-10-13,0A4673793B3E,549,538
2025-10-13,0A485668F5C0,127,122
2025-10-13,0A4C884F240A,223,187
2025-10-13,0A4E33E2692B,170,56
2025-10-13,0A52DDE896BF,44,19
2025-10-13,0A55DA266F71,120,108
2025-10-13,0A568E79FEF6,94,88
2025-10-13,0A57338657F8,88,86
2025-10-13,0A57A684E20B,153,137
2025-10-13,0A5C1439B384,324,288
2025-10-13,0A5D017E401E,213,9
2025-10-13,0A5E96449374,65,54
2025-10-13,0A61E3165158,199,190
2025-10-13,0A62EECEEBD1,251,232
2025-10-13,0A6324E3E043,143,111
2025-10-13,0A6390E0FBA4,57,55
2025-10-13,0A663B6B4B28,136,112
2025-10-13,0A682ED9C6DD,217,166
2025-10-13,0A68A2032450,136,40
2025-10-13,0A68DF0B3D07,146,137
2025-10-13,0A68F38A6ACF,78,64
2025-10-13,0A6C571A1550,198,187
2025-10-13,0A6D3595373D,152,141
2025-10-13,0A6DA0C82CCB,174,170
2025-10-13,0A71A6F9D6C6,279,227
2025-10-13,0A78FAF47B00,82,72
2025-10-13,0A7AAFDD9E11,248,232
2025-10-13,0A7AC5BDAF86,305,59
2025-10-13,0A800188C20F,204,187
2025-10-13,0A8407CF4D85,236,219
2025-10-13,0A87B8C2734F,154,135
2025-10-13,0A8EA87BB037,320,315
2025-10-13,0A9547C11A56,244,222
2025-10-13,0A96EACD8070,208,177
2025-10-13,0A974F5D7D8C,62,53
2025-10-13,0A9A3BFD6C9B,129,128
2025-10-13,0AA18F330F59,156,103
2025-10-13,0AA2818A7B27,196,184
2025-10-13,0AA296FF247D,273,242
2025-10-13,0AA2F2CAB50B,187,138
2025-10-13,0AA3F18DE550,131,118
2025-10-13,0AA473D2FC17,202,172
2025-10-13,0AA4B065E5A5,125,107
2025-10-13,0AA9051FFFFA,156,150
2025-10-13,0AB410184143,197,166
2025-10-13,0AB5F9C21BF8,258,140
2025-10-13,0AB6B45C775A,199,179
2025-10-13,0AB97B7632EB,245,230
2025-10-13,0ABC8E60F4C1,81,81
2025-10-13,0ABD2E513F79,189,179
2025-10-13,0ABE42BE4165,222,208
2025-10-13,0AC437023B18,138,5
2025-10-13,0AD276FC5E27,147,134
2025-10-13,0AD2C92E9756,198,185
2025-10-13,0ADD02AB693D,204,184
2025-10-13,0AE03793586F,114,112
2025-10-13,0AE21E7A17E4,205,174
2025-10-13,0AE6BF39C720,77,70
2025-10-13,0AEF10F3A994,72,39
2025-10-13,0AF1F0E3B640,120,107
2025-10-13,0AF51D7D0F73,254,210
2025-10-13,0AF8DCB98E4B,43,38
2025-10-13,0AF9846E92DD,169,118
2025-10-13,0AFB7B311996,193,184
2025-10-13,0AFE702BB093,222,190
2025-10-13,0AFFC263C0D9,99,65
2025-10-13,0E03D8F69853,69,51
2025-10-13,0E0A8D6EB6B9,336,288
2025-10-13,0E0C3EB7915D,92,89
2025-10-13,0E0E2996F51A,92,79
2025-10-13,0E113B01A9A2,59,57
2025-10-13,0E11F69747A8,740,719
2025-10-13,0E121B6B8661,128,61
2025-10-13,0E1B6F4DBA34,192,173
2025-10-13,0E1C622E61BC,94,91
2025-10-13,0E1D7CA1DB0C,525,498
2025-10-13,0E21C239D865,274,269
2025-10-13,0E2575C7EE05,225,210
2025-10-13,0E2728C481CA,103,94
2025-10-13,0E293C5E4650,57,51
2025-10-13,0E2DEE345837,262,247
2025-10-13,0E31C429C185,87,81
2025-10-13,0E34282F4B53,209,205
2025-10-13,0E3D06A07E94,113,99
2025-10-13,0E3D96237639,177,54
2025-10-13,0E41CF7F74D5,380,380
2025-10-13,0E462188408C,175,167
2025-10-13,0E4CE5FB4405,398,341
2025-10-13,0E50A5B2E5C4,344,306
2025-10-13,0E543D410B0C,157,146
2025-10-13,0E55F28AB569,99,93
2025-10-13,0E5A9CEA8093,366,327
2025-10-13,0E5CD9B19DCB,281,262
2025-10-13,0E5DFCF65AD4,154,148
2025-10-13,0E61D34F9993,169,48
2025-10-13,0E69783262BE,201,181
2025-10-13,0E69C64B6E57,184,172
2025-10-13,0E6A7794AFC7,251,244
2025-10-13,0E6ACE6D3146,315,313
2025-10-13,0E6D2CBAED41,146,131
2025-10-13,0E752F1B295C,323,282
2025-10-13,0E7A8A5414C2,235,227
2025-10-13,0E892C46A442,150,142
2025-10-13,0E89F7D5B5BD,259,154
2025-10-13,0E8B8566815B,267,229
2025-10-13,0E8CF9CA526F,40,39
2025-10-13,0E8F36DAB9C2,125,101
2025-10-13,0E9761D8EB58,324,165
2025-10-13,0E9A30D927A5,301,259
2025-10-13,0E9DC914D8DF,151,138
2025-10-13,0EA0447DA91C,134,40
2025-10-13,0EA22CFA3A24,141,126
2025-10-13,0EA52A2A7581,144,132
2025-10-13,0EAEFEAEFB09,330,323
2025-10-13,0EB04F2114F4,259,254
2025-10-13,0EB6B31D8AFB,196,189
2025-10-13,0EBF1B27CDE1,61,32
2025-10-13,0EC8A35D0C20,151,129
2025-10-13,0ED0849FD6D8,80,29
2025-10-13,0ED1E9DBD593,282,256
2025-10-13,0ED4052A2763,273,263
2025-10-13,0ED5057ECE3F,357,312
2025-10-13,0EDC7177CCA9,72,66
2025-10-13,0EE071F7B24A,142,119
2025-10-13,0EE09EDA649F,259,230
2025-10-13,0EE317BA7C52,107,25
2025-10-13,0EE51B79E853,97,95
2025-10-13,0EE78E4317BB,92,58
2025-10-13,0EE9497950EE,769,693
2025-10-13,0EEA98D1BFDB,587,573
2025-10-13,0EECB108FF91,138,129
2025-10-13,0EF023E6452D,123,109
2025-10-13,0EF08481B333,247,235
2025-10-13,0EF437108E63,279,230
2025-10-13,0EF47B410B41,137,117
2025-10-13,0EFD600E2623,149,147
2025-10-20,0202CB0A6B1F,166,143
2025-10-20,02043B6BA08B,475,433
2025-10-20,02075B45BF24,146,136
2025-10-20,02091DF7CCB8,128,99
2025-10-20,02097AB58D3C,315,292
2025-10-20,020CC6FB9659,208,196
2025-10-20,02132677328F,311,162
2025-10-20,02142F017781,214,189
2025-10-20,02145826103B,129,71
2025-10-20,0217820BFFB2,162,154
2025-10-20,021D82B56A3F,131,122
2025-10-20,02251388D3A2,92,90
2025-10-20,0228A99EE35A,121,118
2025-10-20,022C6F326E3B,156,142
2025-10-20,022DB47C41AC,136,122
2025-10-20,023015602FAA,179,170
2025-10-20,0230D261A1CD,240,67
2025-10-20,0230EEF72435,351,335
2025-10-20,02314F9A9168,194,175
2025-10-20,023257D29366,221,210
2025-10-20,023270320B57,127,122
2025-10-20,02388A18854F,93,82
2025-10-20,0239AD51B7AF,109,106
2025-10-20,023A663EFD87,202,196
2025-10-20,023AD5204E1C,90,88
2025-10-20,023ADDDECF84,60,41
2025-10-20,02423E0E6E9F,297,284
2025-10-20,024570739DE0,106,52
2025-10-20,02478CD90F3A,106,90
2025-10-20,024DD3A9ADCA,187,171
2025-10-20,024ED433BF7D,86,77
2025-10-20,0253BB40EDA6,281,258
2025-10-20,0257E855DBCE,125,18
2025-10-20,0259991BA036,579,215
2025-10-20,026A6007FA48,208,188
2025-10-20,027137436C87,482,475
2025-10-20,0278E06A2F67,90,80
2025-10-20,0279D2AC6ACE,295,284
2025-10-20,027B2DC4EA84,294,282
2025-10-20,027D07FC97FC,158,63
2025-10-20,027FE9CED489,67,64
2025-10-20,028764AA026E,119,104
2025-10-20,02892F51E1CB,127,69
2025-10-20,0289694A6E5B,155,145
2025-10-20,028B24EADDAD,211,97
2025-10-20,028CC0AE5719,185,107
2025-10-20,0293918A963F,102,98
2025-10-20,02980E461859,122,113
2025-10-20,029A2B32D17E,194,180
2025-10-20,029C03C2BF19,107,98
2025-10-20,029DA26B1A92,109,105
2025-10-20,02A80292CB97,106,105
2025-10-20,02B5C5ADC792,121,102
2025-10-20,02B742646A0E,147,135
2025-10-20,02BAD919855D,82,78
2025-10-20,02BD26A4C3A0,247,239
2025-10-20,02C0F45F31E7,75,8
2025-10-20,02CFFA3A3F35,103,98
2025-10-20,02D49A34B2FE,418,211
2025-10-20,02D4DFEF402A,132,131
2025-10-20,02D7623552C8,141,121
2025-10-20,02DC03A0F1E6,156,141
2025-10-20,02E12310186C,391,201
2025-10-20,02EBC6CD4398,109,93
2025-10-20,02F093C88F2E,127,112
2025-10-20,02F18EEE028A,446,240
2025-10-20,02F56F7C8E0B,167,150
2025-10-20,02F5CE7705EC,387,309
2025-10-20,02F98EB34A7A,321,299
2025-10-20,02FBDD4A2C43,78,66
2025-10-20,060C5773A61B,116,98
2025-10-20,060EE3CB4779,69,58
2025-10-20,06132D7396F8,96,37
2025-10-20,0616F247083A,546,496
2025-10-20,061A4322745C,173,98
2025-10-20,06238EE3BE6C,228,213
2025-10-20,062EA113798F,179,173
2025-10-20,0634F78DB4C5,68,58
2025-10-20,0639EA5602C1,113,110
2025-10-20,0644582257D9,140,126
2025-10-20,064AED1EC0AA,195,177
2025-10-20,064BE19B0A9E,143,132
2025-10-20,064C94C771EC,205,190
2025-10-20,064E66B5367B,208,204
2025-10-20,06509A84E873,269,265
2025-10-20,065B928716CD,108,103
2025-10-20,065C003A8D0C,267,223
2025-10-20,066430BA5119,399,374
2025-10-20,0665C3FE6D67,169,154
2025-10-20,06711BE6AD2A,117,106
2025-10-20,06787526FEB3,47,37
2025-10-20,0683D2A8DA42,69,63
2025-10-20,068553B3AA23,114,104
2025-10-20,0687F36E02C6,302,280
2025-10-20,069357B9F15F,204,196
2025-10-20,06981FD8AA87,139,125
2025-10-20,069A98DEEB1D,262,228
2025-10-20,06AA1DE70CBF,69,60
2025-10-20,06AAA28A5D6B,172,163
2025-10-20,06AEE181F595,340,302
2025-10-20,06B162DC93E3,168,148
2025-10-20,06B641B75B29,442,354
2025-10-20,06C0D5E3BCDB,251,196
2025-10-20,06C0F27E810B,110,95
2025-10-20,06C67619095C,393,366
2025-10-20,06C77FEA9550,54,50
2025-10-20,06C98DF4F0FA,263,233
2025-10-20,06CE0F3CFB3C,61,60
2025-10-20,06D0342253A0,63,59
2025-10-20,06D388A19D5D,130,120
2025-10-20,06D6B7018E15,306,290
2025-10-20,06D7F6C73E0C,244,226
2025-10-20,06D84598CCB4,122,119
2025-10-20,06DAF11BD38F,418,365
2025-10-20,06EA136A2996,205,177
2025-10-20,06EDBAE64B57,256,247
2025-10-20,06EEBD283262,99,95
2025-10-20,06EFD61B80ED,154,142
2025-10-20,06F2469B50EF,102,89
2025-10-20,06F2CDBD2C41,150,123
2025-10-20,06F40EA87663,148,131
2025-10-20,06F49BD8F572,149,130
2025-10-20,06FDA7D7B22A,245,243
2025-10-20,06FFEC2EFA5E,249,217
2025-10-20,0A0B47664A85,40,36
2025-10-20,0A10201AFE0A,53,48
2025-10-20,0A1037E90A63,228,208
2025-10-20,0A10A5A5056E,210,188
2025-10-20,0A15BC628AFC,109,103
2025-10-20,0A182EFD3C61,124,105
2025-10-20,0A184A2E46B7,80,73
2025-10-20,0A19C62F4F6D,77,69
2025-10-20,0A1FB1C98A92,131,87
2025-10-20,0A23474F1944,123,119
2025-10-20,0A25F6E3466C,69,64
2025-10-20,0A268A7E40CD,123,103
2025-10-20,0A272C5A2C9B,70,65
2025-10-20,0A2778A31BE3,140,124
2025-10-20,0A3528D089D9,166,156
2025-10-20,0A3983033084,184,160
2025-10-20,0A42B2DB6370,114,108
2025-10-20,0A4673793B3E,549,537
2025-10-20,0A485668F5C0,127,110
2025-10-20,0A4C884F240A,223,199
2025-10-20,0A4E33E2692B,170,100
2025-10-20,0A52DDE896BF,44,16
2025-10-20,0A55DA266F71,120,76
2025-10-20,0A568E79FEF6,94,91
2025-10-20,0A57338657F8,88,85
2025-10-20,0A57A684E20B,153,145
2025-10-20,0A5C1439B384,324,292
2025-10-20,0A5D017E401E,213,1
2025-10-20,0A5E96449374,65,53
2025-10-20,0A61E3165158,199,191
2025-10-20,0A62EECEEBD1,251,237
2025-10-20,0A6324E3E043,143,107
2025-10-20,0A6390E0FBA4,57,54
2025-10-20,0A663B6B4B28,136,120
2025-10-20,0A682ED9C6DD,217,114
2025-10-20,0A68A2032450,136,44
2025-10-20,0A68DF0B3D07,146,144
2025-10-20,0A68F38A6ACF,78,68
2025-10-20,0A6C571A1550,198,174
2025-10-20,0A6D3595373D,152,151
2025-10-20,0A6DA0C82CCB,174,164
2025-10-20,0A71A6F9D6C6,279,253
2025-10-20,0A78FAF47B00,82,75
2025-10-20,0A7AAFDD9E11,248,232
2025-10-20,0A7AC5BDAF86,305,44
2025-10-20,0A800188C20F,204,184
2025-10-20,0A8407CF4D85,236,226
2025-10-20,0A87B8C2734F,154,133
2025-10-20,0A8EA87BB037,320,294
2025-10-20,0A9547C11A56,244,222
2025-10-20,0A96EACD8070,208,194
2025-10-20,0A974F5D7D8C,62,59
2025-10-20,0A9A3BFD6C9B,129,123
2025-10-20,0AA18F330F59,156,122
2025-10-20,0AA2818A7B27,196,180
2025-10-20,0AA296FF247D,273,234
2025-10-20,0AA2F2CAB50B,187,149
2025-10-20,0AA3F18DE550,131,113
2025-10-20,0AA473D2FC17,202,163
2025-10-20,0AA4B065E5A5,125,110
2025-10-20,0AA9051FFFFA,156,155
2025-10-20,0AB410184143,197,167
2025-10-20,0AB5F9C21BF8,258,101
2025-10-20,0AB6B45C775A,199,189
2025-10-20,0AB97B7632EB,245,223
2025-10-20,0ABC8E60F4C1,81,71
2025-10-20,0ABD2E513F79,189,177
2025-10-20,0ABE42BE4165,222,207
2025-10-20,0AC437023B18,138,6
2025-10-20,0AD276FC5E27,147,136
2025-10-20,0AD2C92E9756,198,182
2025-10-20,0ADD02AB693D,204,198
2025-10-20,0AE03793586F,114,106
2025-10-20,0AE21E7A17E4,205,185
2025-10-20,0AE6BF39C720,77,68
2025-10-20,0AEF10F3A994,72,45
2025-10-20,0AF1F0E3B640,120,112
2025-10-20,0AF51D7D0F73,254,205
2025-10-20,0AF8DCB98E4B,43,38
2025-10-20,0AF9846E92DD,169,119
2025-10-20,0AFB7B311996,193,193
2025-10-20,0AFE702BB093,222,192
2025-10-20,0AFFC263C0D9,99,70
2025-10-20,0E03D8F69853,69,54
2025-10-20,0E0A8D6EB6B9,336,323
2025-10-20,0E0C3EB7915D,92,84
2025-10-20,0E0E2996F51A,92,85
2025-10-20,0E113B01A9A2,59,56
2025-10-20,0E11F69747A8,740,686
2025-10-20,0E121B6B8661,128,45
2025-10-20,0E1B6F4DBA34,192,169
2025-10-20,0E1C622E61BC,94,92
2025-10-20,0E1D7CA1DB0C,525,501
2025-10-20,0E21C239D865,274,262
2025-10-20,0E2575C7EE05,225,212
2025-10-20,0E2728C481CA,103,87
2025-10-20,0E293C5E4650,57,55
2025-10-20,0E2DEE345837,262,235
2025-10-20,0E31C429C185,87,74
2025-10-20,0E34282F4B53,209,190
2025-10-20,0E3D06A07E94,113,99
2025-10-20,0E3D96237639,177,72
2025-10-20,0E41CF7F74D5,380,346
2025-10-20,0E462188408C,175,174
2025-10-20,0E4CE5FB4405,398,357
2025-10-20,0E50A5B2E5C4,344,326
2025-10-20,0E543D410B0C,157,139
2025-10-20,0E55F28AB569,99,93
2025-10-20,0E5A9CEA8093,366,349
2025-10-20,0E5CD9B19DCB,281,268
2025-10-20,0E5DFCF65AD4,154,152
2025-10-20,0E61D34F9993,169,23
2025-10-20,0E69783262BE,201,184
2025-10-20,0E69C64B6E57,184,178
2025-10-20,0E6A7794AFC7,251,218
2025-10-20,0E6ACE6D3146,315,284
2025-10-20,0E6D2CBAED41,146,134
2025-10-20,0E752F1B295C,323,294
2025-10-20,0E7A8A5414C2,235,213
2025-10-20,0E892C46A442,150,138
2025-10-20,0E89F7D5B5BD,259,146
2025-10-20,0E8B8566815B,267,227
2025-10-20,0E8CF9CA526F,40,40
2025-10-20,0E8F36DAB9C2,125,117
2025-10-20,0E9761D8EB58,324,207
2025-10-20,0E9A30D927A5,301,253
2025-10-20,0E9DC914D8DF,151,139
2025-10-20,0EA0447DA91C,134,30
2025-10-20,0EA22CFA3A24,141,128
2025-10-20,0EA52A2A7581,144,131
2025-10-20,0EAEFEAEFB09,330,323
2025-10-20,0EB04F2114F4,259,240
2025-10-20,0EB6B31D8AFB,196,183
2025-10-20,0EBF1B27CDE1,61,25
2025-10-20,0EC8A35D0C20,151,138
2025-10-20,0ED0849FD6D8,80,29
2025-10-20,0ED1E9DBD593,282,257
2025-10-20,0ED4052A2763,273,264
2025-10-20,0ED5057ECE3F,357,331
2025-10-20,0EDC7177CCA9,72,69
2025-10-20,0EE071F7B24A,142,120
2025-10-20,0EE09EDA649F,259,223
2025-10-20,0EE317BA7C52,107,14
2025-10-20,0EE51B79E853,97,90
2025-10-20,0EE78E4317BB,92,41
2025-10-20,0EE9497950EE,769,686
2025-10-20,0EEA98D1BFDB,587,581
2025-10-20,0EECB108FF91,138,119
2025-10-20,0EF023E6452D,123,113
2025-10-20,0EF08481B333,247,236
2025-10-20,0EF437108E63,279,221
2025-10-20,0EF47B410B41,137,133
2025-10-20,0EFD600E2623,149,144
2025-10-27,0202CB0A6B1F,166,140
2025-10-27,02043B6BA08B,475,443
2025-10-27,02075B45BF24,146,136
2025-10-27,02091DF7CCB8,128,106
2025-10-27,02097AB58D3C,315,291
2025-10-27,020CC6FB9659,208,193
2025-10-27,02132677328F,311,216
2025-10-27,02142F017781,214,187
2025-10-27,02145826103B,129,38
2025-10-27,0217820BFFB2,162,151
2025-10-27,021D82B56A3F,131,118
2025-10-27,02251388D3A2,92,84
2025-10-27,0228A99EE35A,121,114
2025-10-27,022C6F326E3B,156,150
2025-10-27,022DB47C41AC,136,118
2025-10-27,023015602FAA,179,174
2025-10-27,0230D261A1CD,240,101
2025-10-27,0230EEF72435,351,335
2025-10-27,02314F9A9168,194,178
2025-10-27,023257D29366,221,194
2025-10-27,023270320B57,127,117
2025-10-27,02388A18854F,93,77
2025-10-27,0239AD51B7AF,109,90
2025-10-27,023A663EFD87,202,198
2025-10-27,023AD5204E1C,90,86
2025-10-27,023ADDDECF84,60,41
2025-10-27,02423E0E6E9F,297,282
2025-10-27,024570739DE0,106,49
2025-10-27,02478CD90F3A,106,87
2025-10-27,024DD3A9ADCA,187,158
2025-10-27,024ED433BF7D,86,82
2025-10-27,0253BB40EDA6,281,262
2025-10-27,0257E855DBCE,125,29
2025-10-27,0259991BA036,579,215
2025-10-27,026A6007FA48,208,194
2025-10-27,027137436C87,482,470
2025-10-27,0278E06A2F67,90,85
2025-10-27,0279D2AC6ACE,295,280
2025-10-27,027B2DC4EA84,294,271
2025-10-27,027D07FC97FC,158,52
2025-10-27,027FE9CED489,67,63
2025-10-27,028764AA026E,119,111
2025-10-27,02892F51E1CB,127,80
2025-10-27,0289694A6E5B,155,141
2025-10-27,028B24EADDAD,211,71
2025-10-27,028CC0AE5719,185,73
2025-10-27,0293918A963F,102,96
2025-10-27,02980E461859,122,119
2025-10-27,029A2B32D17E,194,180
2025-10-27,029C03C2BF19,107,92
2025-10-27,029DA26B1A92,109,101
2025-10-27,02A80292CB97,106,97
2025-10-27,02B5C5ADC792,121,70
2025-10-27,02B742646A0E,147,126
2025-10-27,02BAD919855D,82,72
2025-10-27,02BD26A4C3A0,247,236
2025-10-27,02C0F45F31E7,75,7
2025-10-27,02CFFA3A3F35,103,94
2025-10-27,02D49A34B2FE,418,213
2025-10-27,02D4DFEF402A,132,124
2025-10-27,02D7623552C8,141,124
2025-10-27,02DC03A0F1E6,156,139
2025-10-27,02E12310186C,391,260
2025-10-27,02EBC6CD4398,109,94
2025-10-27,02F093C88F2E,127,115
2025-10-27,02F18EEE028A,446,309
2025-10-27,02F56F7C8E0B,167,160
2025-10-27,02F5CE7705EC,387,302
2025-10-27,02F98EB34A7A,321,301
2025-10-27,02FBDD4A2C43,78,46
2025-10-27,060C5773A61B,116,97
2025-10-27,060EE3CB4779,69,65
2025-10-27,06132D7396F8,96,30
2025-10-27,0616F247083A,546,516
2025-10-27,061A4322745C,173,83
2025-10-27,06238EE3BE6C,228,214
2025-10-27,062EA113798F,179,173
2025-10-27,0634F78DB4C5,68,60
2025-10-27,0639EA5602C1,113,105
2025-10-27,0644582257D9,140,130
2025-10-27,064AED1EC0AA,195,183
2025-10-27,064BE19B0A9E,143,133
2025-10-27,064C94C771EC,205,201
2025-10-27,064E66B5367B,208,187
2025-10-27,06509A84E873,269,263
2025-10-27,065B928716CD,108,96
2025-10-27,065C003A8D0C,267,221
2025-10-27,066430BA5119,399,359
2025-10-27,0665C3FE6D67,169,149
2025-10-27,06711BE6AD2A,117,111
2025-10-27,06787526FEB3,47,41
2025-10-27,0683D2A8DA42,69,64
2025-10-27,068553B3AA23,114,104
2025-10-27,0687F36E02C6,302,287
2025-10-27,069357B9F15F,204,180
2025-10-27,06981FD8AA87,139,127
2025-10-27,069A98DEEB1D,262,198
2025-10-27,06AA1DE70CBF,69,60
2025-10-27,06AAA28A5D6B,172,161
2025-10-27,06AEE181F595,340,302
2025-10-27,06B162DC93E3,168,158
2025-10-27,06B641B75B29,442,276
2025-10-27,06C0D5E3BCDB,251,202
2025-10-27,06C0F27E810B,110,100
2025-10-27,06C67619095C,393,367
2025-10-27,06C77FEA9550,54,46
2025-10-27,06C98DF4F0FA,263,222
2025-10-27,06CE0F3CFB3C,61,59
2025-10-27,06D0342253A0,63,58
2025-10-27,06D388A19D5D,130,124
2025-10-27,06D6B7018E15,306,273
2025-10-27,06D7F6C73E0C,244,218
2025-10-27,06D84598CCB4,122,116
2025-10-27,06DAF11BD38F,418,243
2025-10-27,06EA136A2996,205,184
2025-10-27,06EDBAE64B57,256,232
2025-10-27,06EEBD283262,99,87
2025-10-27,06EFD61B80ED,154,148
2025-10-27,06F2469B50EF,102,94
2025-10-27,06F2CDBD2C41,150,127
2025-10-27,06F40EA87663,148,132
2025-10-27,06F49BD8F572,149,134
2025-10-27,06FDA7D7B22A,245,241
2025-10-27,06FFEC2EFA5E,249,213
2025-10-27,0A0B47664A85,40,38
2025-10-27,0A10201AFE0A,53,50
2025-10-27,0A1037E90A63,228,191
2025-10-27,0A10A5A5056E,210,203
2025-10-27,0A15BC628AFC,109,102
2025-10-27,0A182EFD3C61,124,110
2025-10-27,0A184A2E46B7,80,69
2025-10-27,0A19C62F4F6D,77,73
2025-10-27,0A1FB1C98A92,131,108
2025-10-27,0A23474F1944,123,118
2025-10-27,0A25F6E3466C,69,58
2025-10-27,0A268A7E40CD,123,117
2025-10-27,0A272C5A2C9B,70,67
2025-10-27,0A2778A31BE3,140,117
2025-10-27,0A3528D089D9,166,162
2025-10-27,0A3983033084,184,159
2025-10-27,0A42B2DB6370,114,101
2025-10-27,0A4673793B3E,549,524
2025-10-27,0A485668F5C0,127,106
2025-10-27,0A4C884F240A,223,193
2025-10-27,0A4E33E2692B,170,121
2025-10-27,0A52DDE896BF,44,20
2025-10-27,0A55DA266F71,120,57
2025-10-27,0A568E79FEF6,94,3
2025-10-27,0A57338657F8,88,82
2025-10-27,0A57A684E20B,153,147
2025-10-27,0A5C1439B384,324,306
2025-10-27,0A5D017E401E,213,6
2025-10-27,0A5E96449374,65,54
2025-10-27,0A61E3165158,199,173
2025-10-27,0A62EECEEBD1,251,227
2025-10-27,0A6324E3E043,143,117
2025-10-27,0A6390E0FBA4,57,50
2025-10-27,0A663B6B4B28,136,110
2025-10-27,0A682ED9C6DD,217,107
2025-10-27,0A68A2032450,136,55
2025-10-27,0A68DF0B3D07,146,127
2025-10-27,0A68F38A6ACF,78,67
2025-10-27,0A6C571A1550,198,171
2025-10-27,0A6D3595373D,152,139
2025-10-27,0A6DA0C82CCB,174,158
2025-10-27,0A71A6F9D6C6,279,252
2025-10-27,0A78FAF47B00,82,71
2025-10-27,0A7AAFDD9E11,248,233
2025-10-27,0A7AC5BDAF86,305,35
2025-10-27,0A800188C20F,204,182
2025-10-27,0A8407CF4D85,236,219
2025-10-27,0A87B8C2734F,154,143
2025-10-27,0A8EA87BB037,320,317
2025-10-27,0A9547C11A56,244,220
2025-10-27,0A96EACD8070,208,171
2025-10-27,0A974F5D7D8C,62,61
2025-10-27,0A9A3BFD6C9B,129,128
2025-10-27,0AA18F330F59,156,125
2025-10-27,0AA2818A7B27,196,179
2025-10-27,0AA296FF247D,273,251
2025-10-27,0AA2F2CAB50B,187,131
2025-10-27,0AA3F18DE550,131,88
2025-10-27,0AA473D2FC17,202,95
2025-10-27,0AA4B065E5A5,125,117
2025-10-27,0AA9051FFFFA,156,150
2025-10-27,0AB410184143,197,179
2025-10-27,0AB5F9C21BF8,258,62
2025-10-27,0AB6B45C775A,199,185
2025-10-27,0AB97B7632EB,245,223
2025-10-27,0ABC8E60F4C1,81,74
2025-10-27,0ABD2E513F79,189,179
2025-10-27,0ABE42BE4165,222,206
2025-10-27,0AC437023B18,138,6
2025-10-27,0AD276FC5E27,147,133
2025-10-27,0AD2C92E9756,198,192
2025-10-27,0ADD02AB693D,204,184
2025-10-27,0AE03793586F,114,108
2025-10-27,0AE21E7A17E4,205,182
2025-10-27,0AE6BF39C720,77,70
2025-10-27,0AEF10F3A994,72,52
2025-10-27,0AF1F0E3B640,120,117
2025-10-27,0AF51D7D0F73,254,220
2025-10-27,0AF8DCB98E4B,43,40
2025-10-27,0AF9846E92DD,169,133
2025-10-27,0AFB7B311996,193,183
2025-10-27,0AFE702BB093,222,168
2025-10-27,0AFFC263C0D9,99,69
2025-10-27,0E03D8F69853,69,59
2025-10-27,0E0A8D6EB6B9,336,322
2025-10-27,0E0C3EB7915D,92,87
2025-10-27,0E0E2996F51A,92,89
2025-10-27,0E113B01A9A2,59,54
2025-10-27,0E11F69747A8,740,654
2025-10-27,0E121B6B8661,128,17
2025-10-27,0E1B6F4DBA34,192,168
2025-10-27,0E1C622E61BC,94,89
2025-10-27,0E1D7CA1DB0C,525,507
2025-10-27,0E21C239D865,274,268
2025-10-27,0E2575C7EE05,225,217
2025-10-27,0E2728C481CA,103,91
2025-10-27,0E293C5E4650,57,53
2025-10-27,0E2DEE345837,262,248
2025-10-27,0E31C429C185,87,78
2025-10-27,0E34282F4B53,209,202
2025-10-27,0E3D06A07E94,113,98
2025-10-27,0E3D96237639,177,112
2025-10-27,0E41CF7F74D5,380,360
2025-10-27,0E462188408C,175,162
2025-10-27,0E4CE5FB4405,398,343
2025-10-27,0E50A5B2E5C4,344,330
2025-10-27,0E543D410B0C,157,143
2025-10-27,0E55F28AB569,99,90
2025-10-27,0E5A9CEA8093,366,344
2025-10-27,0E5CD9B19DCB,281,250
2025-10-27,0E5DFCF65AD4,154,149
2025-10-27,0E61D34F9993,169,39
2025-10-27,0E69783262BE,201,189
2025-10-27,0E69C64B6E57,184,175
2025-10-27,0E6A7794AFC7,251,227
2025-10-27,0E6ACE6D3146,315,293
2025-10-27,0E6D2CBAED41,146,137
2025-10-27,0E752F1B295C,323,300
2025-10-27,0E7A8A5414C2,235,220
2025-10-27,0E892C46A442,150,140
2025-10-27,0E89F7D5B5BD,259,95
2025-10-27,0E8B8566815B,267,237
2025-10-27,0E8CF9CA526F,40,38
2025-10-27,0E8F36DAB9C2,125,108
2025-10-27,0E9761D8EB58,324,260
2025-10-27,0E9A30D927A5,301,281
2025-10-27,0E9DC914D8DF,151,135
2025-10-27,0EA0447DA91C,134,30
2025-10-27,0EA22CFA3A24,141,127
2025-10-27,0EA52A2A7581,144,131
2025-10-27,0EAEFEAEFB09,330,313
2025-10-27,0EB04F2114F4,259,243
2025-10-27,0EB6B31D8AFB,196,185
2025-10-27,0EBF1B27CDE1,61,26
2025-10-27,0EC8A35D0C20,151,146
2025-10-27,0ED0849FD6D8,80,37
2025-10-27,0ED1E9DBD593,282,269
2025-10-27,0ED4052A2763,273,261
2025-10-27,0ED5057ECE3F,357,322
2025-10-27,0EDC7177CCA9,72,67
2025-10-27,0EE071F7B24A,142,127
2025-10-27,0EE09EDA649F,259,209
2025-10-27,0EE317BA7C52,107,15
2025-10-27,0EE51B79E853,97,92
2025-10-27,0EE78E4317BB,92,41
2025-10-27,0EE9497950EE,769,686
2025-10-27,0EEA98D1BFDB,587,549
2025-10-27,0EECB108FF91,138,115
2025-10-27,0EF023E6452D,123,115
2025-10-27,0EF08481B333,247,223
2025-10-27,0EF437108E63,279,235
2025-10-27,0EF47B410B41,137,123
2025-10-27,0EFD600E2623,149,137
2025-11-03,0202CB0A6B1F,166,162
2025-11-03,02043B6BA08B,475,437
2025-11-03,02075B45BF24,146,134
2025-11-03,02091DF7CCB8,128,108
2025-11-03,02097AB58D3C,315,307
2025-11-03,020CC6FB9659,208,201
2025-11-03,02132677328F,311,258
2025-11-03,02142F017781,214,189
2025-11-03,02145826103B,129,33
2025-11-03,0217820BFFB2,162,150
2025-11-03,021D82B56A3F,131,116
2025-11-03,02251388D3A2,92,89
2025-11-03,0228A99EE35A,121,112
2025-11-03,022C6F326E3B,156,149
2025-11-03,022DB47C41AC,136,128
2025-11-03,023015602FAA,179,173
2025-11-03,0230D261A1CD,240,156
2025-11-03,0230EEF72435,351,351
2025-11-03,02314F9A9168,194,181
2025-11-03,023257D29366,221,211
2025-11-03,023270320B57,127,124
2025-11-03,02388A18854F,93,84
2025-11-03,0239AD51B7AF,109,90
2025-11-03,023A663EFD87,202,199
2025-11-03,023AD5204E1C,90,83
2025-11-03,023ADDDECF84,60,48
2025-11-03,02423E0E6E9F,297,255
2025-11-03,024570739DE0,106,53
2025-11-03,02478CD90F3A,106,95
2025-11-03,024DD3A9ADCA,187,175
2025-11-03,024ED433BF7D,86,62
2025-11-03,0253BB40EDA6,281,267
2025-11-03,0257E855DBCE,125,11
2025-11-03,0259991BA036,579,166
2025-11-03,026A6007FA48,208,192
2025-11-03,027137436C87,482,452
2025-11-03,0278E06A2F67,90,85
2025-11-03,0279D2AC6ACE,295,280
2025-11-03,027B2DC4EA84,294,212
2025-11-03,027D07FC97FC,158,43
2025-11-03,027FE9CED489,67,66
2025-11-03,028764AA026E,119,105
2025-11-03,02892F51E1CB,127,97
2025-11-03,0289694A6E5B,155,147
2025-11-03,028B24EADDAD,211,106
2025-11-03,028CC0AE5719,185,55
2025-11-03,0293918A963F,102,96
2025-11-03,02980E461859,122,118
2025-11-03,029A2B32D17E,194,174
2025-11-03,029C03C2BF19,107,101
2025-11-03,029DA26B1A92,109,97
2025-11-03,02A80292CB97,106,95
2025-11-03,02B5C5ADC792,121,42
2025-11-03,02B742646A0E,147,138
2025-11-03,02BAD919855D,82,69
2025-11-03,02BD26A4C3A0,247,244
2025-11-03,02C0F45F31E7,75,0
2025-11-03,02CFFA3A3F35,103,101
2025-11-03,02D49A34B2FE,418,215
2025-11-03,02D4DFEF402A,132,122
2025-11-03,02D7623552C8,141,118
2025-11-03,02DC03A0F1E6,156,144
2025-11-03,02E12310186C,391,329
2025-11-03,02EBC6CD4398,109,101
2025-11-03,02F093C88F2E,127,119
2025-11-03,02F18EEE028A,446,323
2025-11-03,02F56F7C8E0B,167,154
2025-11-03,02F5CE7705EC,387,224
2025-11-03,02F98EB34A7A,321,286
2025-11-03,02FBDD4A2C43,78,56
2025-11-03,060C5773A61B,116,103
2025-11-03,060EE3CB4779,69,62
2025-11-03,06132D7396F8,96,33
2025-11-03,0616F247083A,546,517
2025-11-03,061A4322745C,173,62
2025-11-03,06238EE3BE6C,228,220
2025-11-03,062EA113798F,179,165
2025-11-03,0634F78DB4C5,68,61
2025-11-03,0639EA5602C1,113,109
2025-11-03,0644582257D9,140,128
2025-11-03,064AED1EC0AA,195,186
2025-11-03,064BE19B0A9E,143,141
2025-11-03,064C94C771EC,205,205
2025-11-03,064E66B5367B,208,191
2025-11-03,06509A84E873,269,250
2025-11-03,065B928716CD,108,98
2025-11-03,065C003A8D0C,267,230
2025-11-03,066430BA5119,399,367
2025-11-03,0665C3FE6D67,169,159
2025-11-03,06711BE6AD2A,117,112
2025-11-03,06787526FEB3,47,42
2025-11-03,0683D2A8DA42,69,63
2025-11-03,068553B3AA23,114,103
2025-11-03,0687F36E02C6,302,272
2025-11-03,069357B9F15F,204,104
2025-11-03,06981FD8AA87,139,126
2025-11-03,069A98DEEB1D,262,148
2025-11-03,06AA1DE70CBF,69,68
2025-11-03,06AAA28A5D6B,172,160
2025-11-03,06AEE181F595,340,315
2025-11-03,06B162DC93E3,168,151
2025-11-03,06B641B75B29,442,230
2025-11-03,06C0D5E3BCDB,251,212
2025-11-03,06C0F27E810B,110,98
2025-11-03,06C67619095C,393,344
2025-11-03,06C77FEA9550,54,45
2025-11-03,06C98DF4F0FA,263,232
2025-11-03,06CE0F3CFB3C,61,59
2025-11-03,06D0342253A0,63,62
2025-11-03,06D388A19D5D,130,120
2025-11-03,06D6B7018E15,306,298
2025-11-03,06D7F6C73E0C,244,226
2025-11-03,06D84598CCB4,122,99
2025-11-03,06DAF11BD38F,418,261
2025-11-03,06EA136A2996,205,193
2025-11-03,06EDBAE64B57,256,216
2025-11-03,06EEBD283262,99,96
2025-11-03,06EFD61B80ED,154,143
2025-11-03,06F2469B50EF,102,91
2025-11-03,06F2CDBD2C41,150,138
2025-11-03,06F40EA87663,148,136
2025-11-03,06F49BD8F572,149,141
2025-11-03,06FDA7D7B22A,245,241
2025-11-03,06FFEC2EFA5E,249,155
2025-11-03,0A0B47664A85,40,34
2025-11-03,0A10201AFE0A,53,52
2025-11-03,0A1037E90A63,228,197
2025-11-03,0A10A5A5056E,210,187
2025-11-03,0A15BC628AFC,109,107
2025-11-03,0A182EFD3C61,124,116
2025-11-03,0A184A2E46B7,80,77
2025-11-03,0A19C62F4F6D,77,76
2025-11-03,0A1FB1C98A92,131,117
2025-11-03,0A23474F1944,123,123
2025-11-03,0A25F6E3466C,69,63
2025-11-03,0A268A7E40CD,123,115
2025-11-03,0A272C5A2C9B,70,70
2025-11-03,0A2778A31BE3,140,127
2025-11-03,0A3528D089D9,166,161
2025-11-03,0A3983033084,184,163
2025-11-03,0A42B2DB6370,114,108
2025-11-03,0A4673793B3E,549,517
2025-11-03,0A485668F5C0,127,111
2025-11-03,0A4C884F240A,223,116
2025-11-03,0A4E33E2692B,170,140
2025-11-03,0A52DDE896BF,44,20
2025-11-03,0A55DA266F71,120,53
2025-11-03,0A568E79FEF6,94,8
2025-11-03,0A57338657F8,88,86
2025-11-03,0A57A684E20B,153,136
2025-11-03,0A5C1439B384,324,295
2025-11-03,0A5D017E401E,213,6
2025-11-03,0A5E96449374,65,55
2025-11-03,0A61E3165158,199,182
2025-11-03,0A62EECEEBD1,251,215
2025-11-03,0A6324E3E043,143,123
2025-11-03,0A6390E0FBA4,57,39
2025-11-03,0A663B6B4B28,136,114
2025-11-03,0A682ED9C6DD,217,118
2025-11-03,0A68A2032450,136,56
2025-11-03,0A68DF0B3D07,146,133
2025-11-03,0A68F38A6ACF,78,72
2025-11-03,0A6C571A1550,198,184
2025-11-03,0A6D3595373D,152,146
2025-11-03,0A6DA0C82CCB,174,153
2025-11-03,0A71A6F9D6C6,279,258
2025-11-03,0A78FAF47B00,82,77
2025-11-03,0A7AAFDD9E11,248,231
2025-11-03,0A7AC5BDAF86,305,19
2025-11-03,0A800188C20F,204,184
2025-11-03,0A8407CF4D85,236,223
2025-11-03,0A87B8C2734F,154,139
2025-11-03,0A8EA87BB037,320,296
2025-11-03,0A9547C11A56,244,228
2025-11-03,0A96EACD8070,208,110
2025-11-03,0A974F5D7D8C,62,59
2025-11-03,0A9A3BFD6C9B,129,124
2025-11-03,0AA18F330F59,156,142
2025-11-03,0AA2818A7B27,196,178
2025-11-03,0AA296FF247D,273,230
2025-11-03,0AA2F2CAB50B,187,160
2025-11-03,0AA3F18DE550,131,80
2025-11-03,0AA473D2FC17,202,77
2025-11-03,0AA4B065E5A5,125,109
2025-11-03,0AA9051FFFFA,156,147
2025-11-03,0AB5F9C21BF8,258,49
2025-11-03,0AB6B45C775A,199,175
2025-11-03,0AB97B7632EB,245,231
2025-11-03,0ABC8E60F4C1,81,72
2025-11-03,0ABD2E513F79,189,174
2025-11-03,0ABE42BE4165,222,202
2025-11-03,0AC437023B18,138,9
2025-11-03,0AD276FC5E27,147,140
2025-11-03,0AD2C92E9756,198,184
2025-11-03,0ADD02AB693D,204,189
2025-11-03,0AE03793586F,114,106
2025-11-03,0AE21E7A17E4,205,178
2025-11-03,0AE6BF39C720,77,70
2025-11-03,0AEF10F3A994,72,64
2025-11-03,0AF1F0E3B640,120,114
2025-11-03,0AF51D7D0F73,254,205
2025-11-03,0AF8DCB98E4B,43,42
2025-11-03,0AF9846E92DD,169,124
2025-11-03,0AFB7B311996,193,181
2025-11-03,0AFE702BB093,222,186
2025-11-03,0AFFC263C0D9,99,51
2025-11-03,0E03D8F69853,69,57
2025-11-03,0E0A8D6EB6B9,336,321
2025-11-03,0E0C3EB7915D,92,80
2025-11-03,0E0E2996F51A,92,88
2025-11-03,0E113B01A9A2,59,54
2025-11-03,0E11F69747A8,740,705
2025-11-03,0E121B6B8661,128,40
2025-11-03,0E1B6F4DBA34,192,172
2025-11-03,0E1C622E61BC,94,84
2025-11-03,0E1D7CA1DB0C,525,509
2025-11-03,0E21C239D865,274,253
2025-11-03,0E2575C7EE05,225,205
2025-11-03,0E2728C481CA,103,99
2025-11-03,0E293C5E4650,57,56
2025-11-03,0E2DEE345837,262,255
2025-11-03,0E31C429C185,87,80
2025-11-03,0E34282F4B53,209,197
2025-11-03,0E3D06A07E94,113,101
2025-11-03,0E3D96237639,177,132
2025-11-03,0E41CF7F74D5,380,348
2025-11-03,0E462188408C,175,166
2025-11-03,0E4CE5FB4405,398,358
2025-11-03,0E50A5B2E5C4,344,338
2025-11-03,0E543D410B0C,157,143
2025-11-03,0E55F28AB569,99,90
2025-11-03,0E5A9CEA8093,366,334
2025-11-03,0E5CD9B19DCB,281,151
2025-11-03,0E5DFCF65AD4,154,138
2025-11-03,0E61D34F9993,169,54
2025-11-03,0E69783262BE,201,190
2025-11-03,0E69C64B6E57,184,168
2025-11-03,0E6A7794AFC7,251,240
2025-11-03,0E6ACE6D3146,315,290
2025-11-03,0E6D2CBAED41,146,131
2025-11-03,0E752F1B295C,323,304
2025-11-03,0E7A8A5414C2,235,227
2025-11-03,0E892C46A442,150,130
2025-11-03,0E89F7D5B5BD,259,79
2025-11-03,0E8B8566815B,267,252
2025-11-03,0E8CF9CA526F,40,39
2025-11-03,0E8F36DAB9C2,125,113
2025-11-03,0E9761D8EB58,324,265
2025-11-03,0E9A30D927A5,301,278
2025-11-03,0E9DC914D8DF,151,136
2025-11-03,0EA0447DA91C,134,19
2025-11-03,0EA22CFA3A24,141,120
2025-11-03,0EA52A2A7581,144,133
2025-11-03,0EAEFEAEFB09,330,319
2025-11-03,0EB04F2114F4,259,253
2025-11-03,0EB6B31D8AFB,196,187
2025-11-03,0EBF1B27CDE1,61,16
2025-11-03,0EC8A35D0C20,151,141
2025-11-03,0ED0849FD6D8,80,45
2025-11-03,0ED1E9DBD593,282,267
2025-11-03,0ED4052A2763,273,256
2025-11-03,0ED5057ECE3F,357,323
2025-11-03,0EDC7177CCA9,72,70
2025-11-03,0EE071F7B24A,142,121
2025-11-03,0EE09EDA649F,259,231
2025-11-03,0EE317BA7C52,107,17
2025-11-03,0EE51B79E853,97,87
2025-11-03,0EE78E4317BB,92,68
2025-11-03,0EE9497950EE,769,643
2025-11-03,0EEA98D1BFDB,587,579
2025-11-03,0EECB108FF91,138,111
2025-11-03,0EF023E6452D,123,119
2025-11-03,0EF08481B333,247,242
2025-11-03,0EF437108E63,279,257
2025-11-03,0EF47B410B41,137,106
2025-11-03,0EFD600E2623,149,141
2025-11-10,0202CB0A6B1F,166,159
2025-11-10,02043B6BA08B,475,450
2025-11-10,02075B45BF24,146,132
2025-11-10,02091DF7CCB8,128,110
2025-11-10,02097AB58D3C,315,285
2025-11-10,020CC6FB9659,208,199
2025-11-10,02132677328F,311,251
2025-11-10,02142F017781,214,194
2025-11-10,02145826103B,129,55
2025-11-10,0217820BFFB2,162,154
2025-11-10,021D82B56A3F,131,120
2025-11-10,02251388D3A2,92,85
2025-11-10,0228A99EE35A,121,110
2025-11-10,022C6F326E3B,156,141
2025-11-10,022DB47C41AC,136,127
2025-11-10,023015602FAA,179,172
2025-11-10,0230D261A1CD,240,171
2025-11-10,0230EEF72435,351,342
2025-11-10,02314F9A9168,194,182
2025-11-10,023257D29366,221,205
2025-11-10,023270320B57,127,120
2025-11-10,02388A18854F,93,80
2025-11-10,0239AD51B7AF,109,98
2025-11-10,023A663EFD87,202,190
2025-11-10,023AD5204E1C,90,78
2025-11-10,023ADDDECF84,60,44
2025-11-10,02423E0E6E9F,297,257
2025-11-10,024570739DE0,106,47
2025-11-10,02478CD90F3A,106,97
2025-11-10,024DD3A9ADCA,187,163
2025-11-10,024ED433BF7D,86,44
2025-11-10,0253BB40EDA6,281,253
2025-11-10,0257E855DBCE,125,14
2025-11-10,0259991BA036,579,234
2025-11-10,026A6007FA48,208,198
2025-11-10,027137436C87,482,444
2025-11-10,0278E06A2F67,90,80
2025-11-10,0279D2AC6ACE,295,274
2025-11-10,027B2DC4EA84,294,162
2025-11-10,027D07FC97FC,158,34
2025-11-10,027FE9CED489,67,65
2025-11-10,028764AA026E,119,107
2025-11-10,02892F51E1CB,127,105
2025-11-10,0289694A6E5B,155,143
2025-11-10,028B24EADDAD,211,109
2025-11-10,028CC0AE5719,185,53
2025-11-10,0293918A963F,102,101
2025-11-10,02980E461859,122,110
2025-11-10,029A2B32D17E,194,180
2025-11-10,029C03C2BF19,107,102
2025-11-10,029DA26B1A92,109,105
2025-11-10,02A80292CB97,106,92
2025-11-10,02B5C5ADC792,121,44
2025-11-10,02B742646A0E,147,140
2025-11-10,02BAD919855D,82,77
2025-11-10,02BD26A4C3A0,247,219
2025-11-10,02C0F45F31E7,75,11
2025-11-10,02CFFA3A3F35,103,98
2025-11-10,02D49A34B2FE,418,231
2025-11-10,02D4DFEF402A,132,120
2025-11-10,02D7623552C8,141,125
2025-11-10,02DC03A0F1E6,156,142
2025-11-10,02E12310186C,391,350
2025-11-10,02EBC6CD4398,109,102
2025-11-10,02F093C88F2E,127,123
2025-11-10,02F18EEE028A,446,340
2025-11-10,02F56F7C8E0B,167,163
2025-11-10,02F5CE7705EC,387,211
2025-11-10,02F98EB34A7A,321,296
2025-11-10,02FBDD4A2C43,78,56
2025-11-10,060C5773A61B,116,106
2025-11-10,060EE3CB4779,69,61
2025-11-10,06132D7396F8,96,30
2025-11-10,0616F247083A,546,506
2025-11-10,061A4322745C,173,65
2025-11-10,06238EE3BE6C,228,211
2025-11-10,062EA113798F,179,115
2025-11-10,0634F78DB4C5,68,58
2025-11-10,0639EA5602C1,113,111
2025-11-10,0644582257D9,140,130
2025-11-10,064AED1EC0AA,195,185
2025-11-10,064BE19B0A9E,143,133
2025-11-10,064C94C771EC,205,198
2025-11-10,064E66B5367B,208,191
2025-11-10,06509A84E873,269,235
2025-11-10,065B928716CD,108,103
2025-11-10,065C003A8D0C,267,240
2025-11-10,066430BA5119,399,378
2025-11-10,0665C3FE6D67,169,166
2025-11-10,06711BE6AD2A,117,107
2025-11-10,06787526FEB3,47,41
2025-11-10,0683D2A8DA42,69,61
2025-11-10,068553B3AA23,114,104
2025-11-10,0687F36E02C6,302,297
2025-11-10,069357B9F15F,204,74
2025-11-10,06981FD8AA87,139,115
2025-11-10,069A98DEEB1D,262,110
2025-11-10,06AA1DE70CBF,69,59
2025-11-10,06AAA28A5D6B,172,152
2025-11-10,06AEE181F595,340,305
2025-11-10,06B162DC93E3,168,160
2025-11-10,06B641B75B29,442,192
2025-11-10,06C0D5E3BCDB,251,237
2025-11-10,06C0F27E810B,110,99
2025-11-10,06C67619095C,393,361
2025-11-10,06C77FEA9550,54,45
2025-11-10,06C98DF4F0FA,263,234
2025-11-10,06CE0F3CFB3C,61,54
2025-11-10,06D0342253A0,63,63
2025-11-10,06D388A19D5D,130,127
2025-11-10,06D6B7018E15,306,278
2025-11-10,06D7F6C73E0C,244,222
2025-11-10,06D84598CCB4,122,76
2025-11-10,06DAF11BD38F,418,306
2025-11-10,06EA136A2996,205,194
2025-11-10,06EDBAE64B57,256,253
2025-11-10,06EEBD283262,99,95
2025-11-10,06EFD61B80ED,154,145
2025-11-10,06F2469B50EF,102,93
2025-11-10,06F2CDBD2C41,150,128
2025-11-10,06F40EA87663,148,129
2025-11-10,06F49BD8F572,149,143
2025-11-10,06FDA7D7B22A,245,242
2025-11-10,06FFEC2EFA5E,249,119
2025-11-10,0A0B47664A85,40,36
2025-11-10,0A10201AFE0A,53,51
2025-11-10,0A1037E90A63,228,203
2025-11-10,0A10A5A5056E,210,202
2025-11-10,0A15BC628AFC,109,104
2025-11-10,0A182EFD3C61,124,116
2025-11-10,0A184A2E46B7,80,73
2025-11-10,0A19C62F4F6D,77,75
2025-11-10,0A1FB1C98A92,131,120
2025-11-10,0A23474F1944,123,114
2025-11-10,0A25F6E3466C,69,59
2025-11-10,0A268A7E40CD,123,112
2025-11-10,0A272C5A2C9B,70,69
2025-11-10,0A2778A31BE3,140,127
2025-11-10,0A3528D089D9,166,163
2025-11-10,0A3983033084,184,172
2025-11-10,0A42B2DB6370,114,104
2025-11-10,0A4673793B3E,549,532
2025-11-10,0A485668F5C0,127,116
2025-11-10,0A4C884F240A,223,132
2025-11-10,0A4E33E2692B,170,134
2025-11-10,0A52DDE896BF,44,22
2025-11-10,0A55DA266F71,120,35
2025-11-10,0A568E79FEF6,94,3
2025-11-10,0A57338657F8,88,88
2025-11-10,0A57A684E20B,153,140
2025-11-10,0A5C1439B384,324,299
2025-11-10,0A5D017E401E,213,27
2025-11-10,0A5E96449374,65,56
2025-11-10,0A61E3165158,199,183
2025-11-10,0A62EECEEBD1,251,230
2025-11-10,0A6324E3E043,143,137
2025-11-10,0A6390E0FBA4,57,37
2025-11-10,0A663B6B4B28,136,128
2025-11-10,0A682ED9C6DD,217,147
2025-11-10,0A68A2032450,136,54
2025-11-10,0A68DF0B3D07,146,134
2025-11-10,0A68F38A6ACF,78,64
2025-11-10,0A6C571A1550,198,174
2025-11-10,0A6D3595373D,152,147
2025-11-10,0A6DA0C82CCB,174,172
2025-11-10,0A71A6F9D6C6,279,249
2025-11-10,0A78FAF47B00,82,78
2025-11-10,0A7AAFDD9E11,248,218
2025-11-10,0A7AC5BDAF86,305,81
2025-11-10,0A800188C20F,204,194
2025-11-10,0A8407CF4D85,236,215
2025-11-10,0A87B8C2734F,154,140
2025-11-10,0A8EA87BB037,320,311
2025-11-10,0A9547C11A56,244,232
2025-11-10,0A96EACD8070,208,64
2025-11-10,0A974F5D7D8C,62,60
2025-11-10,0A9A3BFD6C9B,129,124
2025-11-10,0AA18F330F59,156,139
2025-11-10,0AA2818A7B27,196,194
2025-11-10,0AA296FF247D,273,261
2025-11-10,0AA2F2CAB50B,187,162
2025-11-10,0AA3F18DE550,131,61
2025-11-10,0AA473D2FC17,202,40
2025-11-10,0AA4B065E5A5,125,107
2025-11-10,0AA9051FFFFA,156,154
2025-11-10,0AB5F9C21BF8,258,20
2025-11-10,0AB6B45C775A,199,179
2025-11-10,0AB97B7632EB,245,221
2025-11-10,0ABC8E60F4C1,81,70
2025-11-10,0ABD2E513F79,189,169
2025-11-10,0ABE42BE4165,222,209
2025-11-10,0AC437023B18,138,2
2025-11-10,0AD276FC5E27,147,132
2025-11-10,0AD2C92E9756,198,122
2025-11-10,0ADD02AB693D,204,193
2025-11-10,0AE03793586F,114,108
2025-11-10,0AE21E7A17E4,205,196
2025-11-10,0AE6BF39C720,77,71
2025-11-10,0AEF10F3A994,72,60
2025-11-10,0AF1F0E3B640,120,109
2025-11-10,0AF51D7D0F73,254,220
2025-11-10,0AF8DCB98E4B,43,42
2025-11-10,0AF9846E92DD,169,80
2025-11-10,0AFB7B311996,193,189
2025-11-10,0AFE702BB093,222,190
2025-11-10,0AFFC263C0D9,99,43
2025-11-10,0E03D8F69853,69,56
2025-11-10,0E0A8D6EB6B9,336,296
2025-11-10,0E0C3EB7915D,92,83
2025-11-10,0E0E2996F51A,92,87
2025-11-10,0E113B01A9A2,59,53
2025-11-10,0E11F69747A8,740,725
2025-11-10,0E121B6B8661,128,74
2025-11-10,0E1B6F4DBA34,192,181
2025-11-10,0E1C622E61BC,94,92
2025-11-10,0E1D7CA1DB0C,525,498
2025-11-10,0E21C239D865,274,255
2025-11-10,0E2575C7EE05,225,213
2025-11-10,0E2728C481CA,103,87
2025-11-10,0E293C5E4650,57,55
2025-11-10,0E2DEE345837,262,249
2025-11-10,0E31C429C185,87,77
2025-11-10,0E34282F4B53,209,192
2025-11-10,0E3D06A07E94,113,100
2025-11-10,0E3D96237639,177,135
2025-11-10,0E41CF7F74D5,380,370
2025-11-10,0E462188408C,175,173
2025-11-10,0E4CE5FB4405,398,353
2025-11-10,0E50A5B2E5C4,344,331
2025-11-10,0E543D410B0C,157,140
2025-11-10,0E55F28AB569,99,79
2025-11-10,0E5A9CEA8093,366,335
2025-11-10,0E5CD9B19DCB,281,121
2025-11-10,0E5DFCF65AD4,154,129
2025-11-10,0E61D34F9993,169,81
2025-11-10,0E69783262BE,201,184
2025-11-10,0E69C64B6E57,184,169
2025-11-10,0E6A7794AFC7,251,247
2025-11-10,0E6ACE6D3146,315,292
2025-11-10,0E6D2CBAED41,146,133
2025-11-10,0E752F1B295C,323,298
2025-11-10,0E7A8A5414C2,235,230
2025-11-10,0E892C46A442,150,134
2025-11-10,0E89F7D5B5BD,259,113
2025-11-10,0E8B8566815B,267,254
2025-11-10,0E8CF9CA526F,40,37
2025-11-10,0E8F36DAB9C2,125,104
2025-11-10,0E9761D8EB58,324,282
2025-11-10,0E9A30D927A5,301,265
2025-11-10,0E9DC914D8DF,151,129
2025-11-10,0EA0447DA91C,134,23
2025-11-10,0EA22CFA3A24,141,137
2025-11-10,0EA52A2A7581,144,137
2025-11-10,0EAEFEAEFB09,330,314
2025-11-10,0EB04F2114F4,259,237
2025-11-10,0EB6B31D8AFB,196,172
2025-11-10,0EBF1B27CDE1,61,16
2025-11-10,0EC8A35D0C20,151,141
2025-11-10,0ED0849FD6D8,80,48
2025-11-10,0ED1E9DBD593,282,257
2025-11-10,0ED4052A2763,273,270
2025-11-10,0ED5057ECE3F,357,304
2025-11-10,0EDC7177CCA9,72,45
2025-11-10,0EE071F7B24A,142,125
2025-11-10,0EE09EDA649F,259,224
2025-11-10,0EE317BA7C52,107,52
2025-11-10,0EE51B79E853,97,93
2025-11-10,0EE78E4317BB,92,63
2025-11-10,0EE9497950EE,769,730
2025-11-10,0EEA98D1BFDB,587,558
2025-11-10,0EECB108FF91,138,115
2025-11-10,0EF023E6452D,123,113
2025-11-10,0EF08481B333,247,235
2025-11-10,0EF437108E63,279,257
2025-11-10,0EF47B410B41,137,111
2025-11-10,0EFD600E2623,149,138
2025-11-17,0202CB0A6B1F,166,163
2025-11-17,02043B6BA08B,475,438
2025-11-17,02075B45BF24,146,118
2025-11-17,02091DF7CCB8,128,99
2025-11-17,02097AB58D3C,315,290
2025-11-17,020CC6FB9659,208,183
2025-11-17,02132677328F,311,270
2025-11-17,02142F017781,214,192
2025-11-17,02145826103B,129,57
2025-11-17,0217820BFFB2,162,157
2025-11-17,021D82B56A3F,131,127
2025-11-17,02251388D3A2,92,82
2025-11-17,0228A99EE35A,121,108
2025-11-17,022C6F326E3B,156,141
2025-11-17,022DB47C41AC,136,125
2025-11-17,023015602FAA,179,170
2025-11-17,0230D261A1CD,240,193
2025-11-17,0230EEF72435,351,348
2025-11-17,02314F9A9168,194,185
2025-11-17,023257D29366,221,204
2025-11-17,023270320B57,127,124
2025-11-17,02388A18854F,93,80
2025-11-17,0239AD51B7AF,109,101
2025-11-17,023A663EFD87,202,195
2025-11-17,023AD5204E1C,90,82
2025-11-17,023ADDDECF84,60,54
2025-11-17,02423E0E6E9F,297,239
2025-11-17,024570739DE0,106,57
2025-11-17,02478CD90F3A,106,98
2025-11-17,024DD3A9ADCA,187,163
2025-11-17,024ED433BF7D,86,46
2025-11-17,0253BB40EDA6,281,242
2025-11-17,0257E855DBCE,125,17
2025-11-17,0259991BA036,579,183
2025-11-17,026A6007FA48,208,188
2025-11-17,027137436C87,482,468
2025-11-17,0278E06A2F67,90,78
2025-11-17,0279D2AC6ACE,295,272
2025-11-17,027B2DC4EA84,294,128
2025-11-17,027D07FC97FC,158,57
2025-11-17,027FE9CED489,67,62
2025-11-17,028764AA026E,119,115
2025-11-17,02892F51E1CB,127,116
2025-11-17,0289694A6E5B,155,141
2025-11-17,028B24EADDAD,211,124
2025-11-17,028CC0AE5719,185,79
2025-11-17,0293918A963F,102,97
2025-11-17,02980E461859,122,114
2025-11-17,029A2B32D17E,194,184
2025-11-17,029C03C2BF19,107,101
2025-11-17,029DA26B1A92,109,102
2025-11-17,02A80292CB97,106,58
2025-11-17,02B5C5ADC792,121,23
2025-11-17,02B742646A0E,147,135
2025-11-17,02BAD919855D,82,67
2025-11-17,02BD26A4C3A0,247,226
2025-11-17,02C0F45F31E7,75,41
2025-11-17,02CFFA3A3F35,103,100
2025-11-17,02D49A34B2FE,418,293
2025-11-17,02D4DFEF402A,132,116
2025-11-17,02D7623552C8,141,121
2025-11-17,02DC03A0F1E6,156,134
2025-11-17,02E12310186C,391,342
2025-11-17,02EBC6CD4398,109,103
2025-11-17,02F093C88F2E,127,121
2025-11-17,02F18EEE028A,446,357
2025-11-17,02F56F7C8E0B,167,158
2025-11-17,02F5CE7705EC,387,288
2025-11-17,02F98EB34A7A,321,286
2025-11-17,02FBDD4A2C43,78,72
2025-11-17,060C5773A61B,116,103
2025-11-17,060EE3CB4779,69,57
2025-11-17,06132D7396F8,96,26
2025-11-17,0616F247083A,546,505
2025-11-17,061A4322745C,173,49
2025-11-17,06238EE3BE6C,228,219
2025-11-17,062EA113798F,179,95
2025-11-17,0634F78DB4C5,68,54
2025-11-17,0639EA5602C1,113,108
2025-11-17,0644582257D9,140,124
2025-11-17,064AED1EC0AA,195,182
2025-11-17,064BE19B0A9E,143,123
2025-11-17,064C94C771EC,205,202
2025-11-17,064E66B5367B,208,201
2025-11-17,06509A84E873,269,159
2025-11-17,065B928716CD,108,97
2025-11-17,065C003A8D0C,267,242
2025-11-17,066430BA5119,399,366
2025-11-17,0665C3FE6D67,169,158
2025-11-17,06711BE6AD2A,117,106
2025-11-17,06787526FEB3,47,38
2025-11-17,0683D2A8DA42,69,61
2025-11-17,068553B3AA23,114,99
2025-11-17,0687F36E02C6,302,278
2025-11-17,069357B9F15F,204,65
2025-11-17,06981FD8AA87,139,126
2025-11-17,069A98DEEB1D,262,113
2025-11-17,06AA1DE70CBF,69,63
2025-11-17,06AAA28A5D6B,172,167
2025-11-17,06AEE181F595,340,320
2025-11-17,06B162DC93E3,168,165
2025-11-17,06B641B75B29,442,196
2025-11-17,06C0D5E3BCDB,251,229
2025-11-17,06C0F27E810B,110,95
2025-11-17,06C67619095C,393,365
2025-11-17,06C77FEA9550,54,49
2025-11-17,06C98DF4F0FA,263,235
2025-11-17,06CE0F3CFB3C,61,57
2025-11-17,06D0342253A0,63,59
2025-11-17,06D388A19D5D,130,121
2025-11-17,06D6B7018E15,306,278
2025-11-17,06D7F6C73E0C,244,224
2025-11-17,06D84598CCB4,122,71
2025-11-17,06DAF11BD38F,418,316
2025-11-17,06EA136A2996,205,177
2025-11-17,06EDBAE64B57,256,240
2025-11-17,06EEBD283262,99,96
2025-11-17,06EFD61B80ED,154,141
2025-11-17,06F2469B50EF,102,99
2025-11-17,06F2CDBD2C41,150,127
2025-11-17,06F40EA87663,148,132
2025-11-17,06F49BD8F572,149,136
2025-11-17,06FDA7D7B22A,245,223
2025-11-17,06FFEC2EFA5E,249,100
2025-11-17,0A0B47664A85,40,35
2025-11-17,0A10201AFE0A,53,50
2025-11-17,0A1037E90A63,228,214
2025-11-17,0A10A5A5056E,210,194
2025-11-17,0A15BC628AFC,109,97
2025-11-17,0A182EFD3C61,124,109
2025-11-17,0A184A2E46B7,80,75
2025-11-17,0A19C62F4F6D,77,72
2025-11-17,0A1FB1C98A92,131,83
2025-11-17,0A23474F1944,123,120
2025-11-17,0A25F6E3466C,69,63
2025-11-17,0A268A7E40CD,123,114
2025-11-17,0A272C5A2C9B,70,68
2025-11-17,0A2778A31BE3,140,121
2025-11-17,0A3528D089D9,166,151
2025-11-17,0A3983033084,184,164
2025-11-17,0A42B2DB6370,114,106
2025-11-17,0A4673793B3E,549,535
2025-11-17,0A485668F5C0,127,118
2025-11-17,0A4C884F240A,223,153
2025-11-17,0A4E33E2692B,170,139
2025-11-17,0A52DDE896BF,44,22
2025-11-17,0A55DA266F71,120,41
2025-11-17,0A568E79FEF6,94,5
2025-11-17,0A57338657F8,88,84
2025-11-17,0A57A684E20B,153,138
2025-11-17,0A5C1439B384,324,302
2025-11-17,0A5D017E401E,213,94
2025-11-17,0A5E96449374,65,59
2025-11-17,0A61E3165158,199,190
2025-11-17,0A62EECEEBD1,251,194
2025-11-17,0A6324E3E043,143,138
2025-11-17,0A6390E0FBA4,57,40
2025-11-17,0A663B6B4B28,136,132
2025-11-17,0A682ED9C6DD,217,146
2025-11-17,0A68A2032450,136,44
2025-11-17,0A68DF0B3D07,146,127
2025-11-17,0A68F38A6ACF,78,72
2025-11-17,0A6C571A1550,198,189
2025-11-17,0A6D3595373D,152,136
2025-11-17,0A6DA0C82CCB,174,172
2025-11-17,0A71A6F9D6C6,279,251
2025-11-17,0A78FAF47B00,82,78
2025-11-17,0A7AAFDD9E11,248,223
2025-11-17,0A7AC5BDAF86,305,162
2025-11-17,0A800188C20F,204,195
2025-11-17,0A8407CF4D85,236,230
2025-11-17,0A87B8C2734F,154,138
2025-11-17,0A8EA87BB037,320,309
2025-11-17,0A9547C11A56,244,221
2025-11-17,0A96EACD8070,208,78
2025-11-17,0A974F5D7D8C,62,58
2025-11-17,0A9A3BFD6C9B,129,113
2025-11-17,0AA18F330F59,156,143
2025-11-17,0AA2818A7B27,196,186
2025-11-17,0AA296FF247D,273,237
2025-11-17,0AA2F2CAB50B,187,165
2025-11-17,0AA3F18DE550,131,71
2025-11-17,0AA473D2FC17,202,78
2025-11-17,0AA4B065E5A5,125,113
2025-11-17,0AA9051FFFFA,156,145
2025-11-17,0AB5F9C21BF8,258,30
2025-11-17,0AB6B45C775A,199,176
2025-11-17,0AB97B7632EB,245,236
2025-11-17,0ABC8E60F4C1,81,71
2025-11-17,0ABD2E513F79,189,165
2025-11-17,0ABE42BE4165,222,211
2025-11-17,0AC437023B18,138,8
2025-11-17,0AD276FC5E27,147,140
2025-11-17,0AD2C92E9756,198,147
2025-11-17,0ADD02AB693D,204,185
2025-11-17,0AE03793586F,114,111
2025-11-17,0AE21E7A17E4,205,191
2025-11-17,0AE6BF39C720,77,74
2025-11-17,0AEF10F3A994,72,68
2025-11-17,0AF1F0E3B640,120,98
2025-11-17,0AF51D7D0F73,254,238
2025-11-17,0AF8DCB98E4B,43,32
2025-11-17,0AF9846E92DD,169,87
2025-11-17,0AFB7B311996,193,179
2025-11-17,0AFE702BB093,222,196
2025-11-17,0AFFC263C0D9,99,32
2025-11-17,0E03D8F69853,69,60
2025-11-17,0E0A8D6EB6B9,336,296
2025-11-17,0E0C3EB7915D,92,84
2025-11-17,0E0E2996F51A,92,86
2025-11-17,0E113B01A9A2,59,53
2025-11-17,0E11F69747A8,740,694
2025-11-17,0E121B6B8661,128,101
2025-11-17,0E1B6F4DBA34,192,175
2025-11-17,0E1C622E61BC,94,92
2025-11-17,0E1D7CA1DB0C,525,507
2025-11-17,0E21C239D865,274,268
2025-11-17,0E2575C7EE05,225,217
2025-11-17,0E2728C481CA,103,87
2025-11-17,0E293C5E4650,57,50
2025-11-17,0E2DEE345837,262,249
2025-11-17,0E31C429C185,87,81
2025-11-17,0E34282F4B53,209,195
2025-11-17,0E3D06A07E94,113,89
2025-11-17,0E3D96237639,177,147
2025-11-17,0E41CF7F74D5,380,360
2025-11-17,0E462188408C,175,171
2025-11-17,0E4CE5FB4405,398,341
2025-11-17,0E50A5B2E5C4,344,321
2025-11-17,0E543D410B0C,157,154
2025-11-17,0E55F28AB569,99,70
2025-11-17,0E5A9CEA8093,366,334
2025-11-17,0E5CD9B19DCB,281,80
2025-11-17,0E5DFCF65AD4,154,115
2025-11-17,0E61D34F9993,169,98
2025-11-17,0E69783262BE,201,191
2025-11-17,0E69C64B6E57,184,160
2025-11-17,0E6A7794AFC7,251,240
2025-11-17,0E6ACE6D3146,315,276
2025-11-17,0E6D2CBAED41,146,121
2025-11-17,0E752F1B295C,323,297
2025-11-17,0E7A8A5414C2,235,229
2025-11-17,0E892C46A442,150,139
2025-11-17,0E89F7D5B5BD,259,118
2025-11-17,0E8B8566815B,267,255
2025-11-17,0E8CF9CA526F,40,40
2025-11-17,0E8F36DAB9C2,125,106
2025-11-17,0E9761D8EB58,324,288
2025-11-17,0E9A30D927A5,301,280
2025-11-17,0E9DC914D8DF,151,130
2025-11-17,0EA0447DA91C,134,40
2025-11-17,0EA22CFA3A24,141,134
2025-11-17,0EA52A2A7581,144,136
2025-11-17,0EAEFEAEFB09,330,286
2025-11-17,0EB04F2114F4,259,241
2025-11-17,0EB6B31D8AFB,196,185
2025-11-17,0EBF1B27CDE1,61,17
2025-11-17,0EC8A35D0C20,151,144
2025-11-17,0ED0849FD6D8,80,66
2025-11-17,0ED1E9DBD593,282,258
2025-11-17,0ED4052A2763,273,243
2025-11-17,0ED5057ECE3F,357,317
2025-11-17,0EDC7177CCA9,72,37
2025-11-17,0EE071F7B24A,142,130
2025-11-17,0EE09EDA649F,259,220
2025-11-17,0EE317BA7C52,107,72
2025-11-17,0EE51B79E853,97,89
2025-11-17,0EE78E4317BB,92,77
2025-11-17,0EE9497950EE,769,767
2025-11-17,0EEA98D1BFDB,587,565
2025-11-17,0EECB108FF91,138,120
2025-11-17,0EF023E6452D,123,111
2025-11-17,0EF08481B333,247,236
2025-11-17,0EF437108E63,279,235
2025-11-17,0EF47B410B41,137,115
2025-11-17,0EFD600E2623,149,134
2025-11-24,0202CB0A6B1F,166,157
2025-11-24,02043B6BA08B,475,438
2025-11-24,02075B45BF24,146,124
2025-11-24,02091DF7CCB8,128,119
2025-11-24,02097AB58D3C,315,296
2025-11-24,020CC6FB9659,208,202
2025-11-24,02132677328F,311,272
2025-11-24,02142F017781,214,205
2025-11-24,02145826103B,129,79
2025-11-24,0217820BFFB2,162,154
2025-11-24,021D82B56A3F,131,119
2025-11-24,02251388D3A2,92,89
2025-11-24,0228A99EE35A,121,118
2025-11-24,022C6F326E3B,156,143
2025-11-24,022DB47C41AC,136,130
2025-11-24,023015602FAA,179,176
2025-11-24,0230D261A1CD,240,204
2025-11-24,0230EEF72435,351,322
2025-11-24,02314F9A9168,194,179
2025-11-24,023257D29366,221,202
2025-11-24,023270320B57,127,120
2025-11-24,02388A18854F,93,82
2025-11-24,0239AD51B7AF,109,103
2025-11-24,023A663EFD87,202,201
2025-11-24,023ADDDECF84,60,49
2025-11-24,02423E0E6E9F,297,260
2025-11-24,024570739DE0,106,58
2025-11-24,02478CD90F3A,106,102
2025-11-24,024DD3A9ADCA,187,151
2025-11-24,024ED433BF7D,86,37
2025-11-24,0253BB40EDA6,281,270
2025-11-24,0257E855DBCE,125,20
2025-11-24,0259991BA036,579,191
2025-11-24,026A6007FA48,208,195
2025-11-24,027137436C87,482,447
2025-11-24,0278E06A2F67,90,78
2025-11-24,0279D2AC6ACE,295,291
2025-11-24,027B2DC4EA84,294,128
2025-11-24,027D07FC97FC,158,98
2025-11-24,027FE9CED489,67,65
2025-11-24,028764AA026E,119,102
2025-11-24,02892F51E1CB,127,110
2025-11-24,0289694A6E5B,155,140
2025-11-24,028B24EADDAD,211,133
2025-11-24,028CC0AE5719,185,110
2025-11-24,0293918A963F,102,96
2025-11-24,02980E461859,122,112
2025-11-24,029A2B32D17E,194,173
2025-11-24,029C03C2BF19,107,98
2025-11-24,029DA26B1A92,109,97
2025-11-24,02A80292CB97,106,46
2025-11-24,02B5C5ADC792,121,16
2025-11-24,02B742646A0E,147,138
2025-11-24,02BAD919855D,82,78
2025-11-24,02BD26A4C3A0,247,236
2025-11-24,02C0F45F31E7,75,56
2025-11-24,02CFFA3A3F35,103,95
2025-11-24,02D49A34B2FE,418,313
2025-11-24,02D4DFEF402A,132,124
2025-11-24,02D7623552C8,141,124
2025-11-24,02DC03A0F1E6,156,139
2025-11-24,02E12310186C,391,364
2025-11-24,02EBC6CD4398,109,100
2025-11-24,02F093C88F2E,127,118
2025-11-24,02F18EEE028A,446,385
2025-11-24,02F56F7C8E0B,167,156
2025-11-24,02F5CE7705EC,387,301
2025-11-24,02F98EB34A7A,321,279
2025-11-24,02FBDD4A2C43,78,72
2025-11-24,060C5773A61B,116,104
2025-11-24,060EE3CB4779,69,58
2025-11-24,06132D7396F8,96,38
2025-11-24,0616F247083A,546,504
2025-11-24,061A4322745C,173,41
2025-11-24,06238EE3BE6C,228,215
2025-11-24,062EA113798F,179,66
2025-11-24,0634F78DB4C5,68,61
2025-11-24,0639EA5602C1,113,109
2025-11-24,0644582257D9,140,129
2025-11-24,064AED1EC0AA,195,181
2025-11-24,064BE19B0A9E,143,118
2025-11-24,064C94C771EC,205,203
2025-11-24,064E66B5367B,208,178
2025-11-24,06509A84E873,269,119
2025-11-24,065B928716CD,108,96
2025-11-24,065C003A8D0C,267,223
2025-11-24,066430BA5119,399,365
2025-11-24,0665C3FE6D67,169,148
2025-11-24,06711BE6AD2A,117,108
2025-11-24,06787526FEB3,47,38
2025-11-24,0683D2A8DA42,69,64
2025-11-24,068553B3AA23,114,80
2025-11-24,0687F36E02C6,302,254
2025-11-24,069357B9F15F,204,62
2025-11-24,06981FD8AA87,139,127
2025-11-24,069A98DEEB1D,262,95
2025-11-24,06AA1DE70CBF,69,67
2025-11-24,06AAA28A5D6B,172,155
2025-11-24,06AEE181F595,340,316
2025-11-24,06B162DC93E3,168,163
2025-11-24,06B641B75B29,442,176
2025-11-24,06C0D5E3BCDB,251,230
2025-11-24,06C0F27E810B,110,98
2025-11-24,06C67619095C,393,337
2025-11-24,06C77FEA9550,54,47
2025-11-24,06C98DF4F0FA,263,256
2025-11-24,06CE0F3CFB3C,61,55
2025-11-24,06D0342253A0,63,53
2025-11-24,06D388A19D5D,130,117
2025-11-24,06D6B7018E15,306,254
2025-11-24,06D7F6C73E0C,244,232
2025-11-24,06D84598CCB4,122,61
2025-11-24,06DAF11BD38F,418,348
2025-11-24,06EA136A2996,205,177
2025-11-24,06EDBAE64B57,256,254
2025-11-24,06EEBD283262,99,95
2025-11-24,06EFD61B80ED,154,150
2025-11-24,06F2469B50EF,102,98
2025-11-24,06F2CDBD2C41,150,131
2025-11-24,06F40EA87663,148,134
2025-11-24,06F49BD8F572,149,139
2025-11-24,06FDA7D7B22A,245,237
2025-11-24,06FFEC2EFA5E,249,122
2025-11-24,0A0B47664A85,40,28
2025-11-24,0A10201AFE0A,53,50
2025-11-24,0A1037E90A63,228,225
2025-11-24,0A10A5A5056E,210,200
2025-11-24,0A15BC628AFC,109,102
2025-11-24,0A182EFD3C61,124,111
2025-11-24,0A184A2E46B7,80,70
2025-11-24,0A19C62F4F6D,77,65
2025-11-24,0A1FB1C98A92,131,61
2025-11-24,0A23474F1944,123,114
2025-11-24,0A25F6E3466C,69,54
2025-11-24,0A268A7E40CD,123,113
2025-11-24,0A272C5A2C9B,70,63
2025-11-24,0A2778A31BE3,140,115
2025-11-24,0A3528D089D9,166,153
2025-11-24,0A3983033084,184,161
2025-11-24,0A42B2DB6370,114,111
2025-11-24,0A4673793B3E,549,539
2025-11-24,0A485668F5C0,127,112
2025-11-24,0A4C884F240A,223,175
2025-11-24,0A4E33E2692B,170,149
2025-11-24,0A52DDE896BF,44,24
2025-11-24,0A55DA266F71,120,28
2025-11-24,0A568E79FEF6,94,2
2025-11-24,0A57338657F8,88,88
2025-11-24,0A57A684E20B,153,133
2025-11-24,0A5C1439B384,324,292
2025-11-24,0A5D017E401E,213,140
2025-11-24,0A5E96449374,65,58
2025-11-24,0A61E3165158,199,190
2025-11-24,0A62EECEEBD1,251,182
2025-11-24,0A6324E3E043,143,132
2025-11-24,0A6390E0FBA4,57,47
2025-11-24,0A663B6B4B28,136,120
2025-11-24,0A682ED9C6DD,217,191
2025-11-24,0A68A2032450,136,53
2025-11-24,0A68DF0B3D07,146,145
2025-11-24,0A68F38A6ACF,78,68
2025-11-24,0A6C571A1550,198,184
2025-11-24,0A6D3595373D,152,137
2025-11-24,0A6DA0C82CCB,174,162
2025-11-24,0A71A6F9D6C6,279,259
2025-11-24,0A78FAF47B00,82,79
2025-11-24,0A7AAFDD9E11,248,230
2025-11-24,0A7AC5BDAF86,305,203
2025-11-24,0A800188C20F,204,192
2025-11-24,0A8407CF4D85,236,232
2025-11-24,0A87B8C2734F,154,133
2025-11-24,0A8EA87BB037,320,314
2025-11-24,0A9547C11A56,244,151
2025-11-24,0A96EACD8070,208,128
2025-11-24,0A974F5D7D8C,62,49
2025-11-24,0A9A3BFD6C9B,129,118
2025-11-24,0AA18F330F59,156,133
2025-11-24,0AA2818A7B27,196,188
2025-11-24,0AA296FF247D,273,258
2025-11-24,0AA2F2CAB50B,187,153
2025-11-24,0AA3F18DE550,131,73
2025-11-24,0AA473D2FC17,202,113
2025-11-24,0AA4B065E5A5,125,117
2025-11-24,0AA9051FFFFA,156,143
2025-11-24,0AB5F9C21BF8,258,23
2025-11-24,0AB6B45C775A,199,177
2025-11-24,0AB97B7632EB,245,244
2025-11-24,0ABC8E60F4C1,81,70
2025-11-24,0ABD2E513F79,189,169
2025-11-24,0ABE42BE4165,222,208
2025-11-24,0AC437023B18,138,7
2025-11-24,0AD276FC5E27,147,134
2025-11-24,0AD2C92E9756,198,169
2025-11-24,0ADD02AB693D,204,184
2025-11-24,0AE03793586F,114,114
2025-11-24,0AE21E7A17E4,205,177
2025-11-24,0AE6BF39C720,77,75
2025-11-24,0AEF10F3A994,72,72
2025-11-24,0AF1F0E3B640,120,110
2025-11-24,0AF51D7D0F73,254,236
2025-11-24,0AF8DCB98E4B,43,26
2025-11-24,0AF9846E92DD,169,96
2025-11-24,0AFB7B311996,193,189
2025-11-24,0AFE702BB093,222,194
2025-11-24,0AFFC263C0D9,99,47
2025-11-24,0E03D8F69853,69,62
2025-11-24,0E0A8D6EB6B9,336,301
2025-11-24,0E0C3EB7915D,92,83
2025-11-24,0E0E2996F51A,92,80
2025-11-24,0E113B01A9A2,59,34
2025-11-24,0E11F69747A8,740,700
2025-11-24,0E121B6B8661,128,112
2025-11-24,0E1B6F4DBA34,192,164
2025-11-24,0E1C622E61BC,94,85
2025-11-24,0E1D7CA1DB0C,525,510
2025-11-24,0E21C239D865,274,268
2025-11-24,0E2575C7EE05,225,220
2025-11-24,0E2728C481CA,103,88
2025-11-24,0E293C5E4650,57,49
2025-11-24,0E2DEE345837,262,253
2025-11-24,0E31C429C185,87,83
2025-11-24,0E34282F4B53,209,188
2025-11-24,0E3D06A07E94,113,91
2025-11-24,0E3D96237639,177,160
2025-11-24,0E41CF7F74D5,380,358
2025-11-24,0E462188408C,175,171
2025-11-24,0E4CE5FB4405,398,323
2025-11-24,0E50A5B2E5C4,344,312
2025-11-24,0E543D410B0C,157,148
2025-11-24,0E55F28AB569,99,57
2025-11-24,0E5A9CEA8093,366,345
2025-11-24,0E5CD9B19DCB,281,95
2025-11-24,0E5DFCF65AD4,154,98
2025-11-24,0E61D34F9993,169,142
2025-11-24,0E69783262BE,201,179
2025-11-24,0E69C64B6E57,184,167
2025-11-24,0E6A7794AFC7,251,241
2025-11-24,0E6ACE6D3146,315,301
2025-11-24,0E6D2CBAED41,146,126
2025-11-24,0E752F1B295C,323,300
2025-11-24,0E7A8A5414C2,235,229
2025-11-24,0E892C46A442,150,142
2025-11-24,0E89F7D5B5BD,259,176
2025-11-24,0E8B8566815B,267,255
2025-11-24,0E8CF9CA526F,40,37
2025-11-24,0E8F36DAB9C2,125,99
2025-11-24,0E9761D8EB58,324,274
2025-11-24,0E9A30D927A5,301,290
2025-11-24,0E9DC914D8DF,151,132
2025-11-24,0EA0447DA91C,134,66
2025-11-24,0EA22CFA3A24,141,124
2025-11-24,0EA52A2A7581,144,130
2025-11-24,0EAEFEAEFB09,330,276
2025-11-24,0EB04F2114F4,259,252
2025-11-24,0EB6B31D8AFB,196,169
2025-11-24,0EBF1B27CDE1,61,21
2025-11-24,0EC8A35D0C20,151,144
2025-11-24,0ED0849FD6D8,80,69
2025-11-24,0ED1E9DBD593,282,240
2025-11-24,0ED4052A2763,273,192
2025-11-24,0ED5057ECE3F,357,321
2025-11-24,0EDC7177CCA9,72,30
2025-11-24,0EE071F7B24A,142,138
2025-11-24,0EE09EDA649F,259,217
2025-11-24,0EE317BA7C52,107,86
2025-11-24,0EE51B79E853,97,85
2025-11-24,0EE78E4317BB,92,79
2025-11-24,0EE9497950EE,769,742
2025-11-24,0EEA98D1BFDB,587,542
2025-11-24,0EECB108FF91,138,122
2025-11-24,0EF023E6452D,123,112
2025-11-24,0EF08481B333,247,226
2025-11-24,0EF437108E63,279,268
2025-11-24,0EF47B410B41,137,110
2025-11-24,0EFD600E2623,149,148
2025-12-01,0202CB0A6B1F,166,143
2025-12-01,02043B6BA08B,475,429
2025-12-01,02075B45BF24,146,134
2025-12-01,02091DF7CCB8,128,111
2025-12-01,02097AB58D3C,315,302
2025-12-01,020CC6FB9659,208,203
2025-12-01,02132677328F,311,257
2025-12-01,02142F017781,214,201
2025-12-01,02145826103B,129,98
2025-12-01,0217820BFFB2,162,157
2025-12-01,02251388D3A2,92,82
2025-12-01,0228A99EE35A,121,112
2025-12-01,022C6F326E3B,156,142
2025-12-01,022DB47C41AC,136,130
2025-12-01,023015602FAA,179,177
2025-12-01,0230D261A1CD,240,214
2025-12-01,0230EEF72435,351,351
2025-12-01,02314F9A9168,194,180
2025-12-01,023257D29366,221,216
2025-12-01,023270320B57,127,119
2025-12-01,02388A18854F,93,80
2025-12-01,0239AD51B7AF,109,94
2025-12-01,023A663EFD87,202,201
2025-12-01,023ADDDECF84,60,52
2025-12-01,02423E0E6E9F,297,262
2025-12-01,024570739DE0,106,71
2025-12-01,02478CD90F3A,106,93
2025-12-01,024DD3A9ADCA,187,159
2025-12-01,024ED433BF7D,86,50
2025-12-01,0253BB40EDA6,281,257
2025-12-01,0257E855DBCE,125,21
2025-12-01,0259991BA036,579,237
2025-12-01,026A6007FA48,208,192
2025-12-01,027137436C87,482,466
2025-12-01,0278E06A2F67,90,80
2025-12-01,0279D2AC6ACE,295,293
2025-12-01,027B2DC4EA84,294,130
2025-12-01,027D07FC97FC,158,129
2025-12-01,027FE9CED489,67,63
2025-12-01,028764AA026E,119,113
2025-12-01,02892F51E1CB,127,111
2025-12-01,0289694A6E5B,155,144
2025-12-01,028B24EADDAD,211,142
2025-12-01,028CC0AE5719,185,127
2025-12-01,0293918A963F,102,97
2025-12-01,02980E461859,122,113
2025-12-01,029A2B32D17E,194,159
2025-12-01,029C03C2BF19,107,101
2025-12-01,029DA26B1A92,109,97
2025-12-01,02A80292CB97,106,28
2025-12-01,02B5C5ADC792,121,19
2025-12-01,02B742646A0E,147,127
2025-12-01,02BAD919855D,82,75
2025-12-01,02BD26A4C3A0,247,230
2025-12-01,02C0F45F31E7,75,64
2025-12-01,02CFFA3A3F35,103,100
2025-12-01,02D49A34B2FE,418,330
2025-12-01,02D4DFEF402A,132,123
2025-12-01,02D7623552C8,141,132
2025-12-01,02DC03A0F1E6,156,135
2025-12-01,02E12310186C,391,321
2025-12-01,02EBC6CD4398,109,100
2025-12-01,02F093C88F2E,127,115
2025-12-01,02F18EEE028A,446,394
2025-12-01,02F56F7C8E0B,167,156
2025-12-01,02F5CE7705EC,387,325
2025-12-01,02F98EB34A7A,321,288
2025-12-01,02FBDD4A2C43,78,74
2025-12-01,060C5773A61B,116,107
2025-12-01,060EE3CB4779,69,57
2025-12-01,06132D7396F8,96,49
2025-12-01,0616F247083A,546,481
2025-12-01,061A4322745C,173,47
2025-12-01,06238EE3BE6C,228,204
2025-12-01,062EA113798F,179,62
2025-12-01,0634F78DB4C5,68,60
2025-12-01,0639EA5602C1,113,109
2025-12-01,0644582257D9,140,129
2025-12-01,064AED1EC0AA,195,164
2025-12-01,064BE19B0A9E,143,129
2025-12-01,064C94C771EC,205,194
2025-12-01,064E66B5367B,208,189
2025-12-01,06509A84E873,269,85
2025-12-01,065B928716CD,108,99
2025-12-01,065C003A8D0C,267,227
2025-12-01,066430BA5119,399,347
2025-12-01,0665C3FE6D67,169,136
2025-12-01,06711BE6AD2A,117,111
2025-12-01,06787526FEB3,47,42
2025-12-01,0683D2A8DA42,69,67
2025-12-01,068553B3AA23,114,52
2025-12-01,0687F36E02C6,302,285
2025-12-01,069357B9F15F,204,28
2025-12-01,06981FD8AA87,139,121
2025-12-01,069A98DEEB1D,262,78
2025-12-01,06AA1DE70CBF,69,62
2025-12-01,06AAA28A5D6B,172,160
2025-12-01,06AEE181F595,340,293
2025-12-01,06B162DC93E3,168,160
2025-12-01,06B641B75B29,442,154
2025-12-01,06C0D5E3BCDB,251,221
2025-12-01,06C0F27E810B,110,102
2025-12-01,06C67619095C,393,339
2025-12-01,06C77FEA9550,54,48
2025-12-01,06C98DF4F0FA,263,253
2025-12-01,06CE0F3CFB3C,61,58
2025-12-01,06D0342253A0,63,56
2025-12-01,06D388A19D5D,130,126
2025-12-01,06D6B7018E15,306,286
2025-12-01,06D7F6C73E0C,244,199
2025-12-01,06D84598CCB4,122,74
2025-12-01,06DAF11BD38F,418,350
2025-12-01,06EA136A2996,205,185
2025-12-01,06EDBAE64B57,256,252
2025-12-01,06EEBD283262,99,93
2025-12-01,06EFD61B80ED,154,141
2025-12-01,06F2469B50EF,102,87
2025-12-01,06F2CDBD2C41,150,129
2025-12-01,06F40EA87663,148,141
2025-12-01,06F49BD8F572,149,142
2025-12-01,06FDA7D7B22A,245,226
2025-12-01,06FFEC2EFA5E,249,137
2025-12-01,0A0B47664A85,40,35
2025-12-01,0A10201AFE0A,53,50
2025-12-01,0A1037E90A63,228,219
2025-12-01,0A10A5A5056E,210,187
2025-12-01,0A15BC628AFC,109,103
2025-12-01,0A182EFD3C61,124,111
2025-12-01,0A184A2E46B7,80,78
2025-12-01,0A19C62F4F6D,77,71
2025-12-01,0A1FB1C98A92,131,76
2025-12-01,0A23474F1944,123,115
2025-12-01,0A25F6E3466C,69,63
2025-12-01,0A268A7E40CD,123,113
2025-12-01,0A272C5A2C9B,70,70
2025-12-01,0A2778A31BE3,140,134
2025-12-01,0A3528D089D9,166,155
2025-12-01,0A3983033084,184,172
2025-12-01,0A42B2DB6370,114,100
2025-12-01,0A4673793B3E,549,549
2025-12-01,0A485668F5C0,127,107
2025-12-01,0A4C884F240A,223,188
2025-12-01,0A4E33E2692B,170,146
2025-12-01,0A52DDE896BF,44,32
2025-12-01,0A55DA266F71,120,47
2025-12-01,0A568E79FEF6,94,14
2025-12-01,0A57338657F8,88,88
2025-12-01,0A57A684E20B,153,142
2025-12-01,0A5C1439B384,324,293
2025-12-01,0A5D017E401E,213,172
2025-12-01,0A5E96449374,65,61
2025-12-01,0A61E3165158,199,191
2025-12-01,0A62EECEEBD1,251,177
2025-12-01,0A6324E3E043,143,139
2025-12-01,0A6390E0FBA4,57,48
2025-12-01,0A663B6B4B28,136,124
2025-12-01,0A682ED9C6DD,217,188
2025-12-01,0A68A2032450,136,65
2025-12-01,0A68DF0B3D07,146,139
2025-12-01,0A68F38A6ACF,78,71
2025-12-01,0A6C571A1550,198,189
2025-12-01,0A6D3595373D,152,129
2025-12-01,0A6DA0C82CCB,174,163
2025-12-01,0A71A6F9D6C6,279,258
2025-12-01,0A78FAF47B00,82,78
2025-12-01,0A7AAFDD9E11,248,218
2025-12-01,0A7AC5BDAF86,305,233
2025-12-01,0A800188C20F,204,197
2025-12-01,0A8407CF4D85,236,233
2025-12-01,0A87B8C2734F,154,136
2025-12-01,0A8EA87BB037,320,302
2025-12-01,0A9547C11A56,244,79
2025-12-01,0A96EACD8070,208,160
2025-12-01,0A974F5D7D8C,62,50
2025-12-01,0A9A3BFD6C9B,129,126
2025-12-01,0AA18F330F59,156,132
2025-12-01,0AA2818A7B27,196,190
2025-12-01,0AA296FF247D,273,253
2025-12-01,0AA2F2CAB50B,187,162
2025-12-01,0AA3F18DE550,131,93
2025-12-01,0AA473D2FC17,202,134
2025-12-01,0AA4B065E5A5,125,118
2025-12-01,0AA9051FFFFA,156,148
2025-12-01,0AB5F9C21BF8,258,26
2025-12-01,0AB6B45C775A,199,172
2025-12-01,0AB97B7632EB,245,241
2025-12-01,0ABC8E60F4C1,81,74
2025-12-01,0ABD2E513F79,189,171
2025-12-01,0ABE42BE4165,222,206
2025-12-01,0AC437023B18,138,6
2025-12-01,0AD276FC5E27,147,124
2025-12-01,0AD2C92E9756,198,190
2025-12-01,0ADD02AB693D,204,198
2025-12-01,0AE03793586F,114,109
2025-12-01,0AE21E7A17E4,205,191
2025-12-01,0AE6BF39C720,77,73
2025-12-01,0AEF10F3A994,72,67
2025-12-01,0AF1F0E3B640,120,109
2025-12-01,0AF51D7D0F73,254,233
2025-12-01,0AF8DCB98E4B,43,9
2025-12-01,0AF9846E92DD,169,117
2025-12-01,0AFB7B311996,193,180
2025-12-01,0AFE702BB093,222,203
2025-12-01,0AFFC263C0D9,99,62
2025-12-01,0E03D8F69853,69,60
2025-12-01,0E0A8D6EB6B9,336,310
2025-12-01,0E0C3EB7915D,92,88
2025-12-01,0E0E2996F51A,92,81
2025-12-01,0E113B01A9A2,59,32
2025-12-01,0E11F69747A8,740,734
2025-12-01,0E121B6B8661,128,109
2025-12-01,0E1B6F4DBA34,192,166
2025-12-01,0E1C622E61BC,94,91
2025-12-01,0E1D7CA1DB0C,525,517
2025-12-01,0E21C239D865,274,262
2025-12-01,0E2575C7EE05,225,214
2025-12-01,0E2728C481CA,103,88
2025-12-01,0E293C5E4650,57,53
2025-12-01,0E2DEE345837,262,251
2025-12-01,0E31C429C185,87,81
2025-12-01,0E34282F4B53,209,193
2025-12-01,0E3D06A07E94,113,69
2025-12-01,0E3D96237639,177,157
2025-12-01,0E41CF7F74D5,380,359
2025-12-01,0E462188408C,175,169
2025-12-01,0E4CE5FB4405,398,324
2025-12-01,0E50A5B2E5C4,344,319
2025-12-01,0E543D410B0C,157,146
2025-12-01,0E55F28AB569,99,44
2025-12-01,0E5A9CEA8093,366,347
2025-12-01,0E5CD9B19DCB,281,149
2025-12-01,0E5DFCF65AD4,154,87
2025-12-01,0E61D34F9993,169,142
2025-12-01,0E69783262BE,201,181
2025-12-01,0E69C64B6E57,184,180
2025-12-01,0E6A7794AFC7,251,242
2025-12-01,0E6ACE6D3146,315,294
2025-12-01,0E6D2CBAED41,146,126
2025-12-01,0E752F1B295C,323,307
2025-12-01,0E7A8A5414C2,235,227
2025-12-01,0E892C46A442,150,149
2025-12-01,0E89F7D5B5BD,259,201
2025-12-01,0E8B8566815B,267,244
2025-12-01,0E8CF9CA526F,40,40
2025-12-01,0E8F36DAB9C2,125,108
2025-12-01,0E9761D8EB58,324,283
2025-12-01,0E9A30D927A5,301,276
2025-12-01,0E9DC914D8DF,151,133
2025-12-01,0EA0447DA91C,134,97
2025-12-01,0EA22CFA3A24,141,124
2025-12-01,0EA52A2A7581,144,122
2025-12-01,0EAEFEAEFB09,330,305
2025-12-01,0EB04F2114F4,259,255
2025-12-01,0EB6B31D8AFB,196,180
2025-12-01,0EBF1B27CDE1,61,35
2025-12-01,0EC8A35D0C20,151,139
2025-12-01,0ED0849FD6D8,80,64
2025-12-01,0ED1E9DBD593,282,248
2025-12-01,0ED4052A2763,273,208
2025-12-01,0ED5057ECE3F,357,319
2025-12-01,0EDC7177CCA9,72,26
2025-12-01,0EE071F7B24A,142,135
2025-12-01,0EE09EDA649F,259,212
2025-12-01,0EE317BA7C52,107,86
2025-12-01,0EE51B79E853,97,83
2025-12-01,0EE78E4317BB,92,82
2025-12-01,0EE9497950EE,769,758
2025-12-01,0EEA98D1BFDB,587,569
2025-12-01,0EECB108FF91,138,114
2025-12-01,0EF023E6452D,123,116
2025-12-01,0EF08481B333,247,237
2025-12-01,0EF437108E63,279,244
2025-12-01,0EF47B410B41,137,119
2025-12-01,0EFD600E2623,149,140
2025-12-08,0202CB0A6B1F,166,160
2025-12-08,02043B6BA08B,475,451
2025-12-08,02075B45BF24,146,140
2025-12-08,02091DF7CCB8,128,103
2025-12-08,02097AB58D3C,315,313
2025-12-08,020CC6FB9659,208,196
2025-12-08,02132677328F,311,267
2025-12-08,02142F017781,214,203
2025-12-08,02145826103B,129,101
2025-12-08,0217820BFFB2,162,153
2025-12-08,02251388D3A2,92,86
2025-12-08,0228A99EE35A,121,113
2025-12-08,022C6F326E3B,156,134
2025-12-08,022DB47C41AC,136,130
2025-12-08,023015602FAA,179,162
2025-12-08,0230D261A1CD,240,226
2025-12-08,0230EEF72435,351,348
2025-12-08,02314F9A9168,194,186
2025-12-08,023257D29366,221,208
2025-12-08,023270320B57,127,115
2025-12-08,02388A18854F,93,77
2025-12-08,0239AD51B7AF,109,100
2025-12-08,023A663EFD87,202,193
2025-12-08,023ADDDECF84,60,52
2025-12-08,02423E0E6E9F,297,262
2025-12-08,024570739DE0,106,75
2025-12-08,02478CD90F3A,106,97
2025-12-08,024DD3A9ADCA,187,158
2025-12-08,024ED433BF7D,86,42
2025-12-08,0253BB40EDA6,281,267
2025-12-08,0257E855DBCE,125,29
2025-12-08,0259991BA036,579,237
2025-12-08,026A6007FA48,208,197
2025-12-08,027137436C87,482,442
2025-12-08,0278E06A2F67,90,85
2025-12-08,0279D2AC6ACE,295,294
2025-12-08,027B2DC4EA84,294,154
2025-12-08,027D07FC97FC,158,139
2025-12-08,027FE9CED489,67,65
2025-12-08,028764AA026E,119,115
2025-12-08,02892F51E1CB,127,106
2025-12-08,0289694A6E5B,155,126
2025-12-08,028B24EADDAD,211,182
2025-12-08,028CC0AE5719,185,95
2025-12-08,0293918A963F,102,99
2025-12-08,02980E461859,122,115
2025-12-08,029A2B32D17E,194,149
2025-12-08,029C03C2BF19,107,100
2025-12-08,029DA26B1A92,109,102
2025-12-08,02A80292CB97,106,40
2025-12-08,02B5C5ADC792,121,33
2025-12-08,02B742646A0E,147,81
2025-12-08,02BAD919855D,82,79
2025-12-08,02BD26A4C3A0,247,223
2025-12-08,02C0F45F31E7,75,68
2025-12-08,02CFFA3A3F35,103,101
2025-12-08,02D49A34B2FE,418,235
2025-12-08,02D4DFEF402A,132,76
2025-12-08,02D7623552C8,141,129
2025-12-08,02DC03A0F1E6,156,144
2025-12-08,02E12310186C,391,226
2025-12-08,02EBC6CD4398,109,102
2025-12-08,02F093C88F2E,127,116
2025-12-08,02F18EEE028A,446,366
2025-12-08,02F56F7C8E0B,167,163
2025-12-08,02F5CE7705EC,387,316
2025-12-08,02F98EB34A7A,321,309
2025-12-08,02FBDD4A2C43,78,71
2025-12-08,060C5773A61B,116,107
2025-12-08,060EE3CB4779,69,56
2025-12-08,06132D7396F8,96,61
2025-12-08,0616F247083A,546,491
2025-12-08,061A4322745C,173,79
2025-12-08,06238EE3BE6C,228,208
2025-12-08,062EA113798F,179,63
2025-12-08,0634F78DB4C5,68,58
2025-12-08,0639EA5602C1,113,99
2025-12-08,0644582257D9,140,135
2025-12-08,064AED1EC0AA,195,171
2025-12-08,064BE19B0A9E,143,125
2025-12-08,064C94C771EC,205,191
2025-12-08,064E66B5367B,208,197
2025-12-08,06509A84E873,269,133
2025-12-08,065B928716CD,108,92
2025-12-08,065C003A8D0C,267,252
2025-12-08,066430BA5119,399,360
2025-12-08,0665C3FE6D67,169,147
2025-12-08,06711BE6AD2A,117,110
2025-12-08,06787526FEB3,47,42
2025-12-08,0683D2A8DA42,69,65
2025-12-08,068553B3AA23,114,44
2025-12-08,0687F36E02C6,302,266
2025-12-08,069357B9F15F,204,30
2025-12-08,06981FD8AA87,139,135
2025-12-08,069A98DEEB1D,262,67
2025-12-08,06AA1DE70CBF,69,65
2025-12-08,06AAA28A5D6B,172,157
2025-12-08,06AEE181F595,340,307
2025-12-08,06B162DC93E3,168,119
2025-12-08,06B641B75B29,442,210
2025-12-08,06C0D5E3BCDB,251,143
2025-12-08,06C0F27E810B,110,106
2025-12-08,06C67619095C,393,362
2025-12-08,06C77FEA9550,54,52
2025-12-08,06C98DF4F0FA,263,242
2025-12-08,06CE0F3CFB3C,61,55
2025-12-08,06D0342253A0,63,59
2025-12-08,06D388A19D5D,130,124
2025-12-08,06D6B7018E15,306,292
2025-12-08,06D7F6C73E0C,244,165
2025-12-08,06D84598CCB4,122,93
2025-12-08,06DAF11BD38F,418,370
2025-12-08,06EA136A2996,205,189
2025-12-08,06EDBAE64B57,256,242
2025-12-08,06EEBD283262,99,82
2025-12-08,06EFD61B80ED,154,135
2025-12-08,06F2469B50EF,102,88
2025-12-08,06F2CDBD2C41,150,134
2025-12-08,06F40EA87663,148,133
2025-12-08,06F49BD8F572,149,133
2025-12-08,06FDA7D7B22A,245,231
2025-12-08,06FFEC2EFA5E,249,161
2025-12-08,0A0B47664A85,40,37
2025-12-08,0A10201AFE0A,53,50
2025-12-08,0A1037E90A63,228,219
2025-12-08,0A10A5A5056E,210,201
2025-12-08,0A15BC628AFC,109,99
2025-12-08,0A182EFD3C61,124,113
2025-12-08,0A184A2E46B7,80,77
2025-12-08,0A19C62F4F6D,77,71
2025-12-08,0A1FB1C98A92,131,91
2025-12-08,0A23474F1944,123,111
2025-12-08,0A25F6E3466C,69,54
2025-12-08,0A268A7E40CD,123,108
2025-12-08,0A272C5A2C9B,70,65
2025-12-08,0A2778A31BE3,140,128
2025-12-08,0A3528D089D9,166,154
2025-12-08,0A3983033084,184,162
2025-12-08,0A42B2DB6370,114,105
2025-12-08,0A4673793B3E,549,532
2025-12-08,0A485668F5C0,127,123
2025-12-08,0A4C884F240A,223,205
2025-12-08,0A4E33E2692B,170,151
2025-12-08,0A52DDE896BF,44,41
2025-12-08,0A55DA266F71,120,72
2025-12-08,0A568E79FEF6,94,4
2025-12-08,0A57338657F8,88,84
2025-12-08,0A57A684E20B,153,138
2025-12-08,0A5C1439B384,324,297
2025-12-08,0A5D017E401E,213,196
2025-12-08,0A5E96449374,65,59
2025-12-08,0A61E3165158,199,187
2025-12-08,0A62EECEEBD1,251,112
2025-12-08,0A6324E3E043,143,142
2025-12-08,0A6390E0FBA4,57,51
2025-12-08,0A663B6B4B28,136,112
2025-12-08,0A682ED9C6DD,217,204
2025-12-08,0A68A2032450,136,90
2025-12-08,0A68DF0B3D07,146,140
2025-12-08,0A68F38A6ACF,78,70
2025-12-08,0A6C571A1550,198,180
2025-12-08,0A6D3595373D,152,139
2025-12-08,0A6DA0C82CCB,174,170
2025-12-08,0A71A6F9D6C6,279,268
2025-12-08,0A78FAF47B00,82,75
2025-12-08,0A7AAFDD9E11,248,221
2025-12-08,0A7AC5BDAF86,305,276
2025-12-08,0A800188C20F,204,188
2025-12-08,0A8407CF4D85,236,229
2025-12-08,0A87B8C2734F,154,136
2025-12-08,0A8EA87BB037,320,294
2025-12-08,0A9547C11A56,244,63
2025-12-08,0A96EACD8070,208,179
2025-12-08,0A974F5D7D8C,62,52
2025-12-08,0A9A3BFD6C9B,129,127
2025-12-08,0AA18F330F59,156,80
2025-12-08,0AA2818A7B27,196,187
2025-12-08,0AA296FF247D,273,249
2025-12-08,0AA2F2CAB50B,187,174
2025-12-08,0AA3F18DE550,131,98
2025-12-08,0AA473D2FC17,202,147
2025-12-08,0AA4B065E5A5,125,116
2025-12-08,0AA9051FFFFA,156,146
2025-12-08,0AB5F9C21BF8,258,65
2025-12-08,0AB6B45C775A,199,193
2025-12-08,0AB97B7632EB,245,231
2025-12-08,0ABC8E60F4C1,81,74
2025-12-08,0ABD2E513F79,189,169
2025-12-08,0ABE42BE4165,222,201
2025-12-08,0AC437023B18,138,4
2025-12-08,0AD276FC5E27,147,90
2025-12-08,0AD2C92E9756,198,184
2025-12-08,0ADD02AB693D,204,166
2025-12-08,0AE03793586F,114,109
2025-12-08,0AE21E7A17E4,205,193
2025-12-08,0AE6BF39C720,77,74
2025-12-08,0AEF10F3A994,72,63
2025-12-08,0AF1F0E3B640,120,113
2025-12-08,0AF51D7D0F73,254,231
2025-12-08,0AF8DCB98E4B,43,14
2025-12-08,0AF9846E92DD,169,125
2025-12-08,0AFB7B311996,193,183
2025-12-08,0AFE702BB093,222,180
2025-12-08,0AFFC263C0D9,99,75
2025-12-08,0E03D8F69853,69,61
2025-12-08,0E0A8D6EB6B9,336,287
2025-12-08,0E0C3EB7915D,92,92
2025-12-08,0E0E2996F51A,92,74
2025-12-08,0E113B01A9A2,59,24
2025-12-08,0E11F69747A8,740,719
2025-12-08,0E121B6B8661,128,115
2025-12-08,0E1B6F4DBA34,192,175
2025-12-08,0E1C622E61BC,94,91
2025-12-08,0E1D7CA1DB0C,525,501
2025-12-08,0E21C239D865,274,244
2025-12-08,0E2575C7EE05,225,200
2025-12-08,0E2728C481CA,103,90
2025-12-08,0E293C5E4650,57,52
2025-12-08,0E2DEE345837,262,248
2025-12-08,0E31C429C185,87,84
2025-12-08,0E34282F4B53,209,201
2025-12-08,0E3D06A07E94,113,60
2025-12-08,0E3D96237639,177,152
2025-12-08,0E41CF7F74D5,380,361
2025-12-08,0E462188408C,175,174
2025-12-08,0E4CE5FB4405,398,341
2025-12-08,0E50A5B2E5C4,344,308
2025-12-08,0E543D410B0C,157,151
2025-12-08,0E55F28AB569,99,36
2025-12-08,0E5A9CEA8093,366,354
2025-12-08,0E5CD9B19DCB,281,207
2025-12-08,0E5DFCF65AD4,154,89
2025-12-08,0E61D34F9993,169,153
2025-12-08,0E69783262BE,201,169
2025-12-08,0E69C64B6E57,184,172
2025-12-08,0E6A7794AFC7,251,217
2025-12-08,0E6ACE6D3146,315,280
2025-12-08,0E6D2CBAED41,146,132
2025-12-08,0E752F1B295C,323,299
2025-12-08,0E7A8A5414C2,235,227
2025-12-08,0E892C46A442,150,142
2025-12-08,0E89F7D5B5BD,259,211
2025-12-08,0E8B8566815B,267,252
2025-12-08,0E8CF9CA526F,40,39
2025-12-08,0E8F36DAB9C2,125,113
2025-12-08,0E9761D8EB58,324,280
2025-12-08,0E9A30D927A5,301,268
2025-12-08,0E9DC914D8DF,151,141
2025-12-08,0EA0447DA91C,134,115
2025-12-08,0EA22CFA3A24,141,130
2025-12-08,0EA52A2A7581,144,119
2025-12-08,0EAEFEAEFB09,330,315
2025-12-08,0EB04F2114F4,259,250
2025-12-08,0EB6B31D8AFB,196,163
2025-12-08,0EBF1B27CDE1,61,39
2025-12-08,0EC8A35D0C20,151,143
2025-12-08,0ED0849FD6D8,80,70
2025-12-08,0ED1E9DBD593,282,250
2025-12-08,0ED4052A2763,273,211
2025-12-08,0ED5057ECE3F,357,311
2025-12-08,0EDC7177CCA9,72,26
2025-12-08,0EE071F7B24A,142,136
2025-12-08,0EE09EDA649F,259,216
2025-12-08,0EE317BA7C52,107,92
2025-12-08,0EE51B79E853,97,86
2025-12-08,0EE78E4317BB,92,79
2025-12-08,0EE9497950EE,769,769
2025-12-08,0EEA98D1BFDB,587,555
2025-12-08,0EECB108FF91,138,122
2025-12-08,0EF023E6452D,123,109
2025-12-08,0EF08481B333,247,242
2025-12-08,0EF437108E63,279,242
2025-12-08,0EF47B410B41,137,124
2025-12-08,0EFD600E2623,149,147
2025-12-15,0202CB0A6B1F,166,141
2025-12-15,02043B6BA08B,475,423
2025-12-15,02075B45BF24,146,130
2025-12-15,02091DF7CCB8,128,76
2025-12-15,02097AB58D3C,315,292
2025-12-15,020CC6FB9659,208,186
2025-12-15,02132677328F,311,295
2025-12-15,02142F017781,214,188
2025-12-15,02145826103B,129,120
2025-12-15,0217820BFFB2,162,141
2025-12-15,02251388D3A2,92,84
2025-12-15,0228A99EE35A,121,114
2025-12-15,022C6F326E3B,156,141
2025-12-15,022DB47C41AC,136,130
2025-12-15,023015602FAA,179,161
2025-12-15,0230D261A1CD,240,235
2025-12-15,0230EEF72435,351,337
2025-12-15,02314F9A9168,194,159
2025-12-15,023257D29366,221,208
2025-12-15,023270320B57,127,125
2025-12-15,02388A18854F,93,83
2025-12-15,0239AD51B7AF,109,89
2025-12-15,023A663EFD87,202,190
2025-12-15,023ADDDECF84,60,49
2025-12-15,02423E0E6E9F,297,176
2025-12-15,024570739DE0,106,88
2025-12-15,02478CD90F3A,106,100
2025-12-15,024DD3A9ADCA,187,168
2025-12-15,024ED433BF7D,86,37
2025-12-15,0253BB40EDA6,281,266
2025-12-15,0257E855DBCE,125,36
2025-12-15,0259991BA036,579,232
2025-12-15,026A6007FA48,208,199
2025-12-15,027137436C87,482,463
2025-12-15,0278E06A2F67,90,74
2025-12-15,0279D2AC6ACE,295,294
2025-12-15,027B2DC4EA84,294,169
2025-12-15,027D07FC97FC,158,143
2025-12-15,027FE9CED489,67,66
2025-12-15,028764AA026E,119,113
2025-12-15,02892F51E1CB,127,110
2025-12-15,0289694A6E5B,155,130
2025-12-15,028B24EADDAD,211,184
2025-12-15,028CC0AE5719,185,64
2025-12-15,0293918A963F,102,98
2025-12-15,02980E461859,122,113
2025-12-15,029A2B32D17E,194,160
2025-12-15,029C03C2BF19,107,99
2025-12-15,029DA26B1A92,109,97
2025-12-15,02A80292CB97,106,59
2025-12-15,02B5C5ADC792,121,64
2025-12-15,02B742646A0E,147,93
2025-12-15,02BAD919855D,82,76
2025-12-15,02BD26A4C3A0,247,245
2025-12-15,02C0F45F31E7,75,46
2025-12-15,02CFFA3A3F35,103,99
2025-12-15,02D49A34B2FE,418,185
2025-12-15,02D4DFEF402A,132,41
2025-12-15,02D7623552C8,141,124
2025-12-15,02DC03A0F1E6,156,133
2025-12-15,02E12310186C,391,171
2025-12-15,02EBC6CD4398,109,107
2025-12-15,02F093C88F2E,127,117
2025-12-15,02F18EEE028A,446,262
2025-12-15,02F56F7C8E0B,167,161
2025-12-15,02F5CE7705EC,387,334
2025-12-15,02F98EB34A7A,321,303
2025-12-15,02FBDD4A2C43,78,75
2025-12-15,060C5773A61B,116,103
2025-12-15,060EE3CB4779,69,62
2025-12-15,06132D7396F8,96,74
2025-12-15,0616F247083A,546,467
2025-12-15,061A4322745C,173,85
2025-12-15,06238EE3BE6C,228,205
2025-12-15,062EA113798F,179,109
2025-12-15,0634F78DB4C5,68,60
2025-12-15,0639EA5602C1,113,108
2025-12-15,0644582257D9,140,123
2025-12-15,064AED1EC0AA,195,177
2025-12-15,064BE19B0A9E,143,128
2025-12-15,064C94C771EC,205,189
2025-12-15,064E66B5367B,208,195
2025-12-15,06509A84E873,269,138
2025-12-15,065B928716CD,108,104
2025-12-15,065C003A8D0C,267,244
2025-12-15,066430BA5119,399,369
2025-12-15,0665C3FE6D67,169,154
2025-12-15,06711BE6AD2A,117,113
2025-12-15,06787526FEB3,47,44
2025-12-15,0683D2A8DA42,69,67
2025-12-15,068553B3AA23,114,35
2025-12-15,0687F36E02C6,302,268
2025-12-15,069357B9F15F,204,68
2025-12-15,06981FD8AA87,139,129
2025-12-15,069A98DEEB1D,262,53
2025-12-15,06AA1DE70CBF,69,66
2025-12-15,06AAA28A5D6B,172,167
2025-12-15,06AEE181F595,340,291
2025-12-15,06B162DC93E3,168,92
2025-12-15,06B641B75B29,442,270
2025-12-15,06C0D5E3BCDB,251,136
2025-12-15,06C0F27E810B,110,95
2025-12-15,06C67619095C,393,334
2025-12-15,06C77FEA9550,54,52
2025-12-15,06C98DF4F0FA,263,246
2025-12-15,06CE0F3CFB3C,61,57
2025-12-15,06D0342253A0,63,53
2025-12-15,06D388A19D5D,130,129
2025-12-15,06D6B7018E15,306,269
2025-12-15,06D7F6C73E0C,244,128
2025-12-15,06D84598CCB4,122,97
2025-12-15,06DAF11BD38F,418,371
2025-12-15,06EA136A2996,205,185
2025-12-15,06EDBAE64B57,256,241
2025-12-15,06EEBD283262,99,87
2025-12-15,06EFD61B80ED,154,121
2025-12-15,06F2469B50EF,102,88
2025-12-15,06F2CDBD2C41,150,142
2025-12-15,06F40EA87663,148,139
2025-12-15,06F49BD8F572,149,128
2025-12-15,06FDA7D7B22A,245,230
2025-12-15,06FFEC2EFA5E,249,203
2025-12-15,0A0B47664A85,40,37
2025-12-15,0A10201AFE0A,53,47
2025-12-15,0A1037E90A63,228,228
2025-12-15,0A10A5A5056E,210,184
2025-12-15,0A15BC628AFC,109,106
2025-12-15,0A182EFD3C61,124,114
2025-12-15,0A184A2E46B7,80,74
2025-12-15,0A19C62F4F6D,77,76
2025-12-15,0A1FB1C98A92,131,106
2025-12-15,0A23474F1944,123,114
2025-12-15,0A25F6E3466C,69,62
2025-12-15,0A268A7E40CD,123,115
2025-12-15,0A272C5A2C9B,70,68
2025-12-15,0A2778A31BE3,140,137
2025-12-15,0A3528D089D9,166,156
2025-12-15,0A3983033084,184,157
2025-12-15,0A42B2DB6370,114,108
2025-12-15,0A4673793B3E,549,545
2025-12-15,0A485668F5C0,127,112
2025-12-15,0A4C884F240A,223,195
2025-12-15,0A4E33E2692B,170,161
2025-12-15,0A52DDE896BF,44,35
2025-12-15,0A55DA266F71,120,89
2025-12-15,0A568E79FEF6,94,0
2025-12-15,0A57338657F8,88,88
2025-12-15,0A57A684E20B,153,135
2025-12-15,0A5C1439B384,324,303
2025-12-15,0A5D017E401E,213,185
2025-12-15,0A5E96449374,65,57
2025-12-15,0A61E3165158,199,182
2025-12-15,0A62EECEEBD1,251,129
2025-12-15,0A6324E3E043,143,135
2025-12-15,0A6390E0FBA4,57,53
2025-12-15,0A663B6B4B28,136,128
2025-12-15,0A682ED9C6DD,217,205
2025-12-15,0A68A2032450,136,102
2025-12-15,0A68DF0B3D07,146,134
2025-12-15,0A68F38A6ACF,78,69
2025-12-15,0A6C571A1550,198,182
2025-12-15,0A6D3595373D,152,138
2025-12-15,0A6DA0C82CCB,174,161
2025-12-15,0A71A6F9D6C6,279,278
2025-12-15,0A78FAF47B00,82,77
2025-12-15,0A7AAFDD9E11,248,192
2025-12-15,0A7AC5BDAF86,305,255
2025-12-15,0A800188C20F,204,193
2025-12-15,0A8407CF4D85,236,220
2025-12-15,0A87B8C2734F,154,142
2025-12-15,0A8EA87BB037,320,304
2025-12-15,0A9547C11A56,244,51
2025-12-15,0A96EACD8070,208,187
2025-12-15,0A974F5D7D8C,62,57
2025-12-15,0A9A3BFD6C9B,129,129
2025-12-15,0AA18F330F59,156,57
2025-12-15,0AA2818A7B27,196,188
2025-12-15,0AA296FF247D,273,232
2025-12-15,0AA2F2CAB50B,187,174
2025-12-15,0AA3F18DE550,131,111
2025-12-15,0AA473D2FC17,202,170
2025-12-15,0AA4B065E5A5,125,112
2025-12-15,0AA9051FFFFA,156,151
2025-12-15,0AB5F9C21BF8,258,133
2025-12-15,0AB6B45C775A,199,181
2025-12-15,0AB97B7632EB,245,234
2025-12-15,0ABC8E60F4C1,81,77
2025-12-15,0ABD2E513F79,189,176
2025-12-15,0ABE42BE4165,222,202
2025-12-15,0AC437023B18,138,8
2025-12-15,0AD276FC5E27,147,89
2025-12-15,0AD2C92E9756,198,182
2025-12-15,0ADD02AB693D,204,108
2025-12-15,0AE03793586F,114,103
2025-12-15,0AE21E7A17E4,205,202
2025-12-15,0AE6BF39C720,77,75
2025-12-15,0AEF10F3A994,72,64
2025-12-15,0AF1F0E3B640,120,113
2025-12-15,0AF51D7D0F73,254,235
2025-12-15,0AF8DCB98E4B,43,31
2025-12-15,0AF9846E92DD,169,140
2025-12-15,0AFB7B311996,193,177
2025-12-15,0AFE702BB093,222,178
2025-12-15,0AFFC263C0D9,99,68
2025-12-15,0E03D8F69853,69,64
2025-12-15,0E0A8D6EB6B9,336,196
2025-12-15,0E0C3EB7915D,92,84
2025-12-15,0E0E2996F51A,92,78
2025-12-15,0E113B01A9A2,59,14
2025-12-15,0E11F69747A8,740,699
2025-12-15,0E121B6B8661,128,120
2025-12-15,0E1B6F4DBA34,192,172
2025-12-15,0E1C622E61BC,94,89
2025-12-15,0E1D7CA1DB0C,525,503
2025-12-15,0E21C239D865,274,257
2025-12-15,0E2575C7EE05,225,198
2025-12-15,0E2728C481CA,103,92
2025-12-15,0E293C5E4650,57,53
2025-12-15,0E2DEE345837,262,254
2025-12-15,0E31C429C185,87,84
2025-12-15,0E34282F4B53,209,196
2025-12-15,0E3D06A07E94,113,62
2025-12-15,0E3D96237639,177,158
2025-12-15,0E41CF7F74D5,380,373
2025-12-15,0E462188408C,175,172
2025-12-15,0E4CE5FB4405,398,358
2025-12-15,0E50A5B2E5C4,344,321
2025-12-15,0E543D410B0C,157,151
2025-12-15,0E55F28AB569,99,27
2025-12-15,0E5A9CEA8093,366,333
2025-12-15,0E5CD9B19DCB,281,203
2025-12-15,0E5DFCF65AD4,154,69
2025-12-15,0E61D34F9993,169,149
2025-12-15,0E69783262BE,201,184
2025-12-15,0E69C64B6E57,184,173
2025-12-15,0E6A7794AFC7,251,214
2025-12-15,0E6ACE6D3146,315,287
2025-12-15,0E6D2CBAED41,146,131
2025-12-15,0E752F1B295C,323,268
2025-12-15,0E7A8A5414C2,235,231
2025-12-15,0E892C46A442,150,131
2025-12-15,0E89F7D5B5BD,259,201
2025-12-15,0E8B8566815B,267,232
2025-12-15,0E8CF9CA526F,40,37
2025-12-15,0E8F36DAB9C2,125,117
2025-12-15,0E9761D8EB58,324,300
2025-12-15,0E9A30D927A5,301,201
2025-12-15,0E9DC914D8DF,151,137
2025-12-15,0EA0447DA91C,134,101
2025-12-15,0EA22CFA3A24,141,131
2025-12-15,0EA52A2A7581,144,115
2025-12-15,0EAEFEAEFB09,330,286
2025-12-15,0EB04F2114F4,259,258
2025-12-15,0EB6B31D8AFB,196,166
2025-12-15,0EBF1B27CDE1,61,42
2025-12-15,0EC8A35D0C20,151,139
2025-12-15,0ED0849FD6D8,80,68
2025-12-15,0ED1E9DBD593,282,252
2025-12-15,0ED4052A2763,273,224
2025-12-15,0ED5057ECE3F,357,320
2025-12-15,0EDC7177CCA9,72,26
2025-12-15,0EE071F7B24A,142,133
2025-12-15,0EE09EDA649F,259,228
2025-12-15,0EE317BA7C52,107,94
2025-12-15,0EE51B79E853,97,88
2025-12-15,0EE78E4317BB,92,84
2025-12-15,0EE9497950EE,769,748
2025-12-15,0EEA98D1BFDB,587,569
2025-12-15,0EECB108FF91,138,122
2025-12-15,0EF023E6452D,123,114
2025-12-15,0EF08481B333,247,240
2025-12-15,0EF437108E63,279,263
2025-12-15,0EF47B410B41,137,112
2025-12-15,0EFD600E2623,149,142
2025-12-22,0202CB0A6B1F,166,150
2025-12-22,02043B6BA08B,475,451
2025-12-22,02075B45BF24,146,126
2025-12-22,02091DF7CCB8,128,74
2025-12-22,02097AB58D3C,315,301
2025-12-22,020CC6FB9659,208,195
2025-12-22,02132677328F,311,292
2025-12-22,02142F017781,214,205
2025-12-22,02145826103B,129,117
2025-12-22,0217820BFFB2,162,143
2025-12-22,02251388D3A2,92,87
2025-12-22,0228A99EE35A,121,108
2025-12-22,022C6F326E3B,156,93
2025-12-22,022DB47C41AC,136,128
2025-12-22,023015602FAA,179,163
2025-12-22,0230D261A1CD,240,232
2025-12-22,0230EEF72435,351,349
2025-12-22,02314F9A9168,194,118
2025-12-22,023257D29366,221,206
2025-12-22,023270320B57,127,119
2025-12-22,02388A18854F,93,84
2025-12-22,0239AD51B7AF,109,95
2025-12-22,023A663EFD87,202,190
2025-12-22,023ADDDECF84,60,55
2025-12-22,02423E0E6E9F,297,130
2025-12-22,024570739DE0,106,100
2025-12-22,02478CD90F3A,106,99
2025-12-22,024DD3A9ADCA,187,180
2025-12-22,024ED433BF7D,86,50
2025-12-22,0253BB40EDA6,281,263
2025-12-22,0257E855DBCE,125,72
2025-12-22,0259991BA036,579,245
2025-12-22,026A6007FA48,208,196
2025-12-22,027137436C87,482,467
2025-12-22,0278E06A2F67,90,75
2025-12-22,0279D2AC6ACE,295,290
2025-12-22,027B2DC4EA84,294,181
2025-12-22,027D07FC97FC,158,137
2025-12-22,027FE9CED489,67,65
2025-12-22,028764AA026E,119,114
2025-12-22,02892F51E1CB,127,102
2025-12-22,0289694A6E5B,155,134
2025-12-22,028B24EADDAD,211,125
2025-12-22,028CC0AE5719,185,59
2025-12-22,0293918A963F,102,99
2025-12-22,02980E461859,122,114
2025-12-22,029A2B32D17E,194,159
2025-12-22,029C03C2BF19,107,101
2025-12-22,029DA26B1A92,109,105
2025-12-22,02A80292CB97,106,59
2025-12-22,02B5C5ADC792,121,88
2025-12-22,02B742646A0E,147,104
2025-12-22,02BAD919855D,82,66
2025-12-22,02BD26A4C3A0,247,246
2025-12-22,02C0F45F31E7,75,23
2025-12-22,02CFFA3A3F35,103,101
2025-12-22,02D49A34B2FE,418,218
2025-12-22,02D4DFEF402A,132,37
2025-12-22,02D7623552C8,141,123
2025-12-22,02DC03A0F1E6,156,144
2025-12-22,02E12310186C,391,99
2025-12-22,02EBC6CD4398,109,104
2025-12-22,02F093C88F2E,127,109
2025-12-22,02F18EEE028A,446,179
2025-12-22,02F56F7C8E0B,167,159
2025-12-22,02F5CE7705EC,387,353
2025-12-22,02F98EB34A7A,321,299
2025-12-22,02FBDD4A2C43,78,77
2025-12-22,060C5773A61B,116,101
2025-12-22,060EE3CB4779,69,64
2025-12-22,06132D7396F8,96,77
2025-12-22,0616F247083A,546,478
2025-12-22,061A4322745C,173,108
2025-12-22,06238EE3BE6C,228,208
2025-12-22,062EA113798F,179,146
2025-12-22,0634F78DB4C5,68,61
2025-12-22,0639EA5602C1,113,104
2025-12-22,0644582257D9,140,129
2025-12-22,064AED1EC0AA,195,161
2025-12-22,064BE19B0A9E,143,132
2025-12-22,064C94C771EC,205,190
2025-12-22,064E66B5367B,208,195
2025-12-22,06509A84E873,269,184
2025-12-22,065B928716CD,108,102
2025-12-22,065C003A8D0C,267,234
2025-12-22,066430BA5119,399,383
2025-12-22,0665C3FE6D67,169,150
2025-12-22,06711BE6AD2A,117,113
2025-12-22,06787526FEB3,47,40
2025-12-22,0683D2A8DA42,69,66
2025-12-22,068553B3AA23,114,8
2025-12-22,0687F36E02C6,302,276
2025-12-22,069357B9F15F,204,113
2025-12-22,06981FD8AA87,139,127
2025-12-22,069A98DEEB1D,262,53
2025-12-22,06AA1DE70CBF,69,61
2025-12-22,06AAA28A5D6B,172,166
2025-12-22,06AEE181F595,340,322
2025-12-22,06B162DC93E3,168,92
2025-12-22,06B641B75B29,442,337
2025-12-22,06C0D5E3BCDB,251,92
2025-12-22,06C0F27E810B,110,98
2025-12-22,06C67619095C,393,362
2025-12-22,06C77FEA9550,54,52
2025-12-22,06C98DF4F0FA,263,235
2025-12-22,06CE0F3CFB3C,61,48
2025-12-22,06D0342253A0,63,56
2025-12-22,06D388A19D5D,130,125
2025-12-22,06D6B7018E15,306,280
2025-12-22,06D7F6C73E0C,244,136
2025-12-22,06D84598CCB4,122,96
2025-12-22,06DAF11BD38F,418,374
2025-12-22,06EA136A2996,205,176
2025-12-22,06EDBAE64B57,256,245
2025-12-22,06EEBD283262,99,92
2025-12-22,06EFD61B80ED,154,130
2025-12-22,06F2469B50EF,102,91
2025-12-22,06F2CDBD2C41,150,136
2025-12-22,06F40EA87663,148,142
2025-12-22,06F49BD8F572,149,119
2025-12-22,06FDA7D7B22A,245,243
2025-12-22,06FFEC2EFA5E,249,215
2025-12-22,0A0B47664A85,40,36
2025-12-22,0A10201AFE0A,53,49
2025-12-22,0A1037E90A63,228,211
2025-12-22,0A10A5A5056E,210,189
2025-12-22,0A15BC628AFC,109,106
2025-12-22,0A182EFD3C61,124,105
2025-12-22,0A184A2E46B7,80,76
2025-12-22,0A19C62F4F6D,77,62
2025-12-22,0A1FB1C98A92,131,103
2025-12-22,0A23474F1944,123,120
2025-12-22,0A25F6E3466C,69,62
2025-12-22,0A268A7E40CD,123,115
2025-12-22,0A272C5A2C9B,70,63
2025-12-22,0A2778A31BE3,140,136
2025-12-22,0A3528D089D9,166,163
2025-12-22,0A3983033084,184,151
2025-12-22,0A42B2DB6370,114,111
2025-12-22,0A4673793B3E,549,511
2025-12-22,0A485668F5C0,127,110
2025-12-22,0A4C884F240A,223,206
2025-12-22,0A4E33E2692B,170,157
2025-12-22,0A52DDE896BF,44,41
2025-12-22,0A55DA266F71,120,92
2025-12-22,0A568E79FEF6,94,4
2025-12-22,0A57338657F8,88,83
2025-12-22,0A57A684E20B,153,144
2025-12-22,0A5C1439B384,324,304
2025-12-22,0A5D017E401E,213,185
2025-12-22,0A5E96449374,65,54
2025-12-22,0A61E3165158,199,192
2025-12-22,0A62EECEEBD1,251,168
2025-12-22,0A6324E3E043,143,134
2025-12-22,0A6390E0FBA4,57,54
2025-12-22,0A663B6B4B28,136,126
2025-12-22,0A682ED9C6DD,217,198
2025-12-22,0A68A2032450,136,104
2025-12-22,0A68DF0B3D07,146,141
2025-12-22,0A68F38A6ACF,78,68
2025-12-22,0A6C571A1550,198,192
2025-12-22,0A6D3595373D,152,141
2025-12-22,0A6DA0C82CCB,174,149
2025-12-22,0A71A6F9D6C6,279,264
2025-12-22,0A78FAF47B00,82,78
2025-12-22,0A7AAFDD9E11,248,126
2025-12-22,0A7AC5BDAF86,305,274
2025-12-22,0A800188C20F,204,187
2025-12-22,0A8407CF4D85,236,209
2025-12-22,0A87B8C2734F,154,139
2025-12-22,0A8EA87BB037,320,294
2025-12-22,0A9547C11A56,244,46
2025-12-22,0A96EACD8070,208,200
2025-12-22,0A974F5D7D8C,62,57
2025-12-22,0A9A3BFD6C9B,129,123
2025-12-22,0AA18F330F59,156,77
2025-12-22,0AA2818A7B27,196,190
2025-12-22,0AA296FF247D,273,231
2025-12-22,0AA2F2CAB50B,187,163
2025-12-22,0AA3F18DE550,131,112
2025-12-22,0AA473D2FC17,202,186
2025-12-22,0AA4B065E5A5,125,116
2025-12-22,0AA9051FFFFA,156,147
2025-12-22,0AB5F9C21BF8,258,184
2025-12-22,0AB6B45C775A,199,186
2025-12-22,0AB97B7632EB,245,243
2025-12-22,0ABC8E60F4C1,81,69
2025-12-22,0ABD2E513F79,189,175
2025-12-22,0ABE42BE4165,222,189
2025-12-22,0AC437023B18,138,10
2025-12-22,0AD276FC5E27,147,120
2025-12-22,0AD2C92E9756,198,181
2025-12-22,0ADD02AB693D,204,100
2025-12-22,0AE03793586F,114,103
2025-12-22,0AE21E7A17E4,205,202
2025-12-22,0AE6BF39C720,77,74
2025-12-22,0AEF10F3A994,72,68
2025-12-22,0AF1F0E3B640,120,107
2025-12-22,0AF51D7D0F73,254,239
2025-12-22,0AF8DCB98E4B,43,30
2025-12-22,0AF9846E92DD,169,128
2025-12-22,0AFB7B311996,193,174
2025-12-22,0AFE702BB093,222,193
2025-12-22,0AFFC263C0D9,99,85
2025-12-22,0E03D8F69853,69,65
2025-12-22,0E0A8D6EB6B9,336,204
2025-12-22,0E0C3EB7915D,92,88
2025-12-22,0E0E2996F51A,92,81
2025-12-22,0E113B01A9A2,59,24
2025-12-22,0E11F69747A8,740,719
2025-12-22,0E121B6B8661,128,119
2025-12-22,0E1B6F4DBA34,192,178
2025-12-22,0E1C622E61BC,94,81
2025-12-22,0E1D7CA1DB0C,525,504
2025-12-22,0E21C239D865,274,258
2025-12-22,0E2575C7EE05,225,192
2025-12-22,0E2728C481CA,103,84
2025-12-22,0E293C5E4650,57,53
2025-12-22,0E2DEE345837,262,252
2025-12-22,0E31C429C185,87,79
2025-12-22,0E34282F4B53,209,201
2025-12-22,0E3D96237639,177,168
2025-12-22,0E41CF7F74D5,380,367
2025-12-22,0E462188408C,175,169
2025-12-22,0E4CE5FB4405,398,351
2025-12-22,0E50A5B2E5C4,344,329
2025-12-22,0E543D410B0C,157,154
2025-12-22,0E55F28AB569,99,21
2025-12-22,0E5A9CEA8093,366,349
2025-12-22,0E5CD9B19DCB,281,202
2025-12-22,0E5DFCF65AD4,154,69
2025-12-22,0E61D34F9993,169,148
2025-12-22,0E69783262BE,201,170
2025-12-22,0E69C64B6E57,184,173
2025-12-22,0E6A7794AFC7,251,229
2025-12-22,0E6ACE6D3146,315,296
2025-12-22,0E6D2CBAED41,146,130
2025-12-22,0E752F1B295C,323,245
2025-12-22,0E7A8A5414C2,235,226
2025-12-22,0E892C46A442,150,144
2025-12-22,0E89F7D5B5BD,259,229
2025-12-22,0E8B8566815B,267,240
2025-12-22,0E8CF9CA526F,40,37
2025-12-22,0E8F36DAB9C2,125,100
2025-12-22,0E9761D8EB58,324,290
2025-12-22,0E9A30D927A5,301,182
2025-12-22,0E9DC914D8DF,151,145
2025-12-22,0EA0447DA91C,134,118
2025-12-22,0EA22CFA3A24,141,117
2025-12-22,0EA52A2A7581,144,112
2025-12-22,0EAEFEAEFB09,330,313
2025-12-22,0EB04F2114F4,259,248
2025-12-22,0EB6B31D8AFB,196,156
2025-12-22,0EBF1B27CDE1,61,53
2025-12-22,0EC8A35D0C20,151,134
2025-12-22,0ED0849FD6D8,80,69
2025-12-22,0ED1E9DBD593,282,241
2025-12-22,0ED4052A2763,273,231
2025-12-22,0ED5057ECE3F,357,330
2025-12-22,0EDC7177CCA9,72,35
2025-12-22,0EE071F7B24A,142,135
2025-12-22,0EE09EDA649F,259,230
2025-12-22,0EE317BA7C52,107,95
2025-12-22,0EE51B79E853,97,94
2025-12-22,0EE78E4317BB,92,83
2025-12-22,0EE9497950EE,769,746
2025-12-22,0EEA98D1BFDB,587,553
2025-12-22,0EECB108FF91,138,133
2025-12-22,0EF023E6452D,123,109
2025-12-22,0EF08481B333,247,240
2025-12-22,0EF437108E63,279,261
2025-12-22,0EF47B410B41,137,116
2025-12-22,0EFD600E2623,149,140
2025-12-29,0202CB0A6B1F,166,149
2025-12-29,02043B6BA08B,475,445
2025-12-29,02075B45BF24,146,134
2025-12-29,02091DF7CCB8,128,60
2025-12-29,02097AB58D3C,315,297
2025-12-29,020CC6FB9659,208,192
2025-12-29,02132677328F,311,289
2025-12-29,02142F017781,214,196
2025-12-29,02145826103B,129,107
2025-12-29,0217820BFFB2,162,134
2025-12-29,02251388D3A2,92,78
2025-12-29,0228A99EE35A,121,108
2025-12-29,022C6F326E3B,156,61
2025-12-29,022DB47C41AC,136,129
2025-12-29,023015602FAA,179,158
2025-12-29,0230D261A1CD,240,230
2025-12-29,0230EEF72435,351,342
2025-12-29,02314F9A9168,194,81
2025-12-29,023257D29366,221,209
2025-12-29,023270320B57,127,125
2025-12-29,02388A18854F,93,84
2025-12-29,0239AD51B7AF,109,98
2025-12-29,023A663EFD87,202,193
2025-12-29,023ADDDECF84,60,53
2025-12-29,02423E0E6E9F,297,115
2025-12-29,024570739DE0,106,105
2025-12-29,02478CD90F3A,106,103
2025-12-29,024DD3A9ADCA,187,164
2025-12-29,024ED433BF7D,86,58
2025-12-29,0253BB40EDA6,281,279
2025-12-29,0257E855DBCE,125,70
2025-12-29,0259991BA036,579,259
2025-12-29,026A6007FA48,208,193
2025-12-29,027137436C87,482,457
2025-12-29,0278E06A2F67,90,83
2025-12-29,0279D2AC6ACE,295,285
2025-12-29,027B2DC4EA84,294,196
2025-12-29,027D07FC97FC,158,143
2025-12-29,027FE9CED489,67,65
2025-12-29,028764AA026E,119,111
2025-12-29,02892F51E1CB,127,65
2025-12-29,0289694A6E5B,155,136
2025-12-29,028B24EADDAD,211,87
2025-12-29,028CC0AE5719,185,68
2025-12-29,0293918A963F,102,91
2025-12-29,02980E461859,122,116
2025-12-29,029A2B32D17E,194,167
2025-12-29,029C03C2BF19,107,99
2025-12-29,029DA26B1A92,109,103
2025-12-29,02A80292CB97,106,79
2025-12-29,02B5C5ADC792,121,99
2025-12-29,02B742646A0E,147,130
2025-12-29,02BAD919855D,82,43
2025-12-29,02BD26A4C3A0,247,235
2025-12-29,02C0F45F31E7,75,14
2025-12-29,02CFFA3A3F35,103,98
2025-12-29,02D49A34B2FE,418,244
2025-12-29,02D4DFEF402A,132,24
2025-12-29,02D7623552C8,141,121
2025-12-29,02DC03A0F1E6,156,137
2025-12-29,02E12310186C,391,76
2025-12-29,02EBC6CD4398,109,109
2025-12-29,02F093C88F2E,127,116
2025-12-29,02F18EEE028A,446,232
2025-12-29,02F56F7C8E0B,167,159
2025-12-29,02F5CE7705EC,387,348
2025-12-29,02F98EB34A7A,321,309
2025-12-29,02FBDD4A2C43,78,74
2025-12-29,060C5773A61B,116,101
2025-12-29,060EE3CB4779,69,63
2025-12-29,06132D7396F8,96,69
2025-12-29,0616F247083A,546,471
2025-12-29,061A4322745C,173,120
2025-12-29,06238EE3BE6C,228,206
2025-12-29,062EA113798F,179,145
2025-12-29,0634F78DB4C5,68,63
2025-12-29,0639EA5602C1,113,106
2025-12-29,0644582257D9,140,119
2025-12-29,064AED1EC0AA,195,173
2025-12-29,064BE19B0A9E,143,131
2025-12-29,064C94C771EC,205,192
2025-12-29,064E66B5367B,208,191
2025-12-29,06509A84E873,269,234
2025-12-29,065B928716CD,108,95
2025-12-29,065C003A8D0C,267,234
2025-12-29,066430BA5119,399,335
2025-12-29,0665C3FE6D67,169,160
2025-12-29,06711BE6AD2A,117,111
2025-12-29,06787526FEB3,47,44
2025-12-29,0683D2A8DA42,69,67
2025-12-29,068553B3AA23,114,19
2025-12-29,0687F36E02C6,302,281
2025-12-29,069357B9F15F,204,161
2025-12-29,06981FD8AA87,139,123
2025-12-29,069A98DEEB1D,262,64
2025-12-29,06AA1DE70CBF,69,64
2025-12-29,06AAA28A5D6B,172,168
2025-12-29,06AEE181F595,340,312
2025-12-29,06B162DC93E3,168,78
2025-12-29,06B641B75B29,442,363
2025-12-29,06C0D5E3BCDB,251,82
2025-12-29,06C67619095C,393,347
2025-12-29,06C77FEA9550,54,48
2025-12-29,06C98DF4F0FA,263,243
2025-12-29,06CE0F3CFB3C,61,52
2025-12-29,06D0342253A0,63,59
2025-12-29,06D388A19D5D,130,125
2025-12-29,06D6B7018E15,306,292
2025-12-29,06D7F6C73E0C,244,108
2025-12-29,06D84598CCB4,122,116
2025-12-29,06DAF11BD38F,418,219
2025-12-29,06EA136A2996,205,184
2025-12-29,06EDBAE64B57,256,235
2025-12-29,06EEBD283262,99,87
2025-12-29,06EFD61B80ED,154,131
2025-12-29,06F2469B50EF,102,91
2025-12-29,06F2CDBD2C41,150,122
2025-12-29,06F40EA87663,148,137
2025-12-29,06F49BD8F572,149,123
2025-12-29,06FDA7D7B22A,245,230
2025-12-29,06FFEC2EFA5E,249,217
2025-12-29,0A0B47664A85,40,35
2025-12-29,0A10201AFE0A,53,48
2025-12-29,0A1037E90A63,228,222
2025-12-29,0A10A5A5056E,210,195
2025-12-29,0A15BC628AFC,109,105
2025-12-29,0A182EFD3C61,124,111
2025-12-29,0A184A2E46B7,80,72
2025-12-29,0A19C62F4F6D,77,67
2025-12-29,0A1FB1C98A92,131,115
2025-12-29,0A23474F1944,123,107
2025-12-29,0A25F6E3466C,69,63
2025-12-29,0A268A7E40CD,123,113
2025-12-29,0A272C5A2C9B,70,64
2025-12-29,0A2778A31BE3,140,134
2025-12-29,0A3528D089D9,166,143
2025-12-29,0A3983033084,184,159
2025-12-29,0A42B2DB6370,114,113
2025-12-29,0A4673793B3E,549,516
2025-12-29,0A485668F5C0,127,114
2025-12-29,0A4C884F240A,223,209
2025-12-29,0A4E33E2692B,170,146
2025-12-29,0A52DDE896BF,44,41
2025-12-29,0A55DA266F71,120,90
2025-12-29,0A568E79FEF6,94,6
2025-12-29,0A57338657F8,88,86
2025-12-29,0A57A684E20B,153,149
2025-12-29,0A5C1439B384,324,301
2025-12-29,0A5D017E401E,213,185
2025-12-29,0A5E96449374,65,55
2025-12-29,0A61E3165158,199,182
2025-12-29,0A62EECEEBD1,251,197
2025-12-29,0A6324E3E043,143,134
2025-12-29,0A6390E0FBA4,57,49
2025-12-29,0A663B6B4B28,136,133
2025-12-29,0A682ED9C6DD,217,199
2025-12-29,0A68A2032450,136,117
2025-12-29,0A68DF0B3D07,146,133
2025-12-29,0A68F38A6ACF,78,74
2025-12-29,0A6C571A1550,198,190
2025-12-29,0A6D3595373D,152,145
2025-12-29,0A6DA0C82CCB,174,144
2025-12-29,0A71A6F9D6C6,279,260
2025-12-29,0A78FAF47B00,82,80
2025-12-29,0A7AAFDD9E11,248,158
2025-12-29,0A7AC5BDAF86,305,271
2025-12-29,0A800188C20F,204,188
2025-12-29,0A8407CF4D85,236,223
2025-12-29,0A87B8C2734F,154,141
2025-12-29,0A8EA87BB037,320,285
2025-12-29,0A9547C11A56,244,83
2025-12-29,0A96EACD8070,208,191
2025-12-29,0A974F5D7D8C,62,58
2025-12-29,0A9A3BFD6C9B,129,125
2025-12-29,0AA18F330F59,156,89
2025-12-29,0AA2818A7B27,196,186
2025-12-29,0AA296FF247D,273,256
2025-12-29,0AA2F2CAB50B,187,168
2025-12-29,0AA3F18DE550,131,116
2025-12-29,0AA473D2FC17,202,189
2025-12-29,0AA4B065E5A5,125,108
2025-12-29,0AA9051FFFFA,156,150
2025-12-29,0AB5F9C21BF8,258,210
2025-12-29,0AB6B45C775A,199,178
2025-12-29,0AB97B7632EB,245,225
2025-12-29,0ABC8E60F4C1,81,74
2025-12-29,0ABD2E513F79,189,176
2025-12-29,0ABE42BE4165,222,206
2025-12-29,0AC437023B18,138,7
2025-12-29,0AD276FC5E27,147,125
2025-12-29,0AD2C92E9756,198,197
2025-12-29,0ADD02AB693D,204,58
2025-12-29,0AE03793586F,114,101
2025-12-29,0AE21E7A17E4,205,198
2025-12-29,0AE6BF39C720,77,71
2025-12-29,0AF1F0E3B640,120,109
2025-12-29,0AF51D7D0F73,254,237
2025-12-29,0AF8DCB98E4B,43,39
2025-12-29,0AF9846E92DD,169,148
2025-12-29,0AFB7B311996,193,177
2025-12-29,0AFE702BB093,222,176
2025-12-29,0AFFC263C0D9,99,85
2025-12-29,0E03D8F69853,69,65
2025-12-29,0E0A8D6EB6B9,336,276
2025-12-29,0E0C3EB7915D,92,90
2025-12-29,0E0E2996F51A,92,86
2025-12-29,0E113B01A9A2,59,39
2025-12-29,0E11F69747A8,740,721
2025-12-29,0E121B6B8661,128,94
2025-12-29,0E1B6F4DBA34,192,177
2025-12-29,0E1C622E61BC,94,82
2025-12-29,0E1D7CA1DB0C,525,501
2025-12-29,0E21C239D865,274,266
2025-12-29,0E2575C7EE05,225,206
2025-12-29,0E2728C481CA,103,89
2025-12-29,0E293C5E4650,57,52
2025-12-29,0E2DEE345837,262,247
2025-12-29,0E31C429C185,87,84
2025-12-29,0E34282F4B53,209,197
2025-12-29,0E3D96237639,177,175
2025-12-29,0E41CF7F74D5,380,359
2025-12-29,0E462188408C,175,172
2025-12-29,0E4CE5FB4405,398,343
2025-12-29,0E50A5B2E5C4,344,292
2025-12-29,0E543D410B0C,157,150
2025-12-29,0E55F28AB569,99,28
2025-12-29,0E5A9CEA8093,366,357
2025-12-29,0E5CD9B19DCB,281,174
2025-12-29,0E5DFCF65AD4,154,69
2025-12-29,0E61D34F9993,169,141
2025-12-29,0E69783262BE,201,181
2025-12-29,0E69C64B6E57,184,171
2025-12-29,0E6A7794AFC7,251,249
2025-12-29,0E6ACE6D3146,315,303
2025-12-29,0E6D2CBAED41,146,136
2025-12-29,0E752F1B295C,323,162
2025-12-29,0E7A8A5414C2,235,221
2025-12-29,0E892C46A442,150,145
2025-12-29,0E89F7D5B5BD,259,236
2025-12-29,0E8B8566815B,267,259
2025-12-29,0E8CF9CA526F,40,35
2025-12-29,0E8F36DAB9C2,125,98
2025-12-29,0E9761D8EB58,324,299
2025-12-29,0E9A30D927A5,301,143
2025-12-29,0E9DC914D8DF,151,146
2025-12-29,0EA0447DA91C,134,113
2025-12-29,0EA22CFA3A24,141,111
2025-12-29,0EA52A2A7581,144,128
2025-12-29,0EAEFEAEFB09,330,310
2025-12-29,0EB04F2114F4,259,253
2025-12-29,0EB6B31D8AFB,196,184
2025-12-29,0EBF1B27CDE1,61,53
2025-12-29,0EC8A35D0C20,151,150
2025-12-29,0ED0849FD6D8,80,71
2025-12-29,0ED1E9DBD593,282,220
2025-12-29,0ED4052A2763,273,242
2025-12-29,0ED5057ECE3F,357,329
2025-12-29,0EDC7177CCA9,72,55
2025-12-29,0EE071F7B24A,142,121
2025-12-29,0EE09EDA649F,259,240
2025-12-29,0EE317BA7C52,107,94
2025-12-29,0EE51B79E853,97,93
2025-12-29,0EE78E4317BB,92,86
2025-12-29,0EE9497950EE,769,742
2025-12-29,0EEA98D1BFDB,587,552
2025-12-29,0EECB108FF91,138,137
2025-12-29,0EF023E6452D,123,106
2025-12-29,0EF08481B333,247,227
2025-12-29,0EF437108E63,279,255
2025-12-29,0EF47B410B41,137,119
2025-12-29,0EFD600E2623,149,143
2026-01-05,0202CB0A6B1F,166,147
2026-01-05,02043B6BA08B,475,437
2026-01-05,02075B45BF24,146,133
2026-01-05,02091DF7CCB8,128,70
2026-01-05,02097AB58D3C,315,292
2026-01-05,020CC6FB9659,208,195
2026-01-05,02132677328F,311,272
2026-01-05,02142F017781,214,207
2026-01-05,02145826103B,129,125
2026-01-05,0217820BFFB2,162,133
2026-01-05,02251388D3A2,92,86
2026-01-05,0228A99EE35A,121,108
2026-01-05,022C6F326E3B,156,46
2026-01-05,022DB47C41AC,136,133
2026-01-05,023015602FAA,179,149
2026-01-05,0230D261A1CD,240,231
2026-01-05,0230EEF72435,351,326
2026-01-05,02314F9A9168,194,62
2026-01-05,023257D29366,221,200
2026-01-05,023270320B57,127,124
2026-01-05,02388A18854F,93,79
2026-01-05,0239AD51B7AF,109,94
2026-01-05,023A663EFD87,202,200
2026-01-05,023ADDDECF84,60,57
2026-01-05,02423E0E6E9F,297,95
2026-01-05,024570739DE0,106,5
2026-01-05,02478CD90F3A,106,99
2026-01-05,024DD3A9ADCA,187,132
2026-01-05,024ED433BF7D,86,73
2026-01-05,0253BB40EDA6,281,274
2026-01-05,0257E855DBCE,125,103
2026-01-05,0259991BA036,579,228
2026-01-05,026A6007FA48,208,197
2026-01-05,027137436C87,482,462
2026-01-05,0278E06A2F67,90,78
2026-01-05,0279D2AC6ACE,295,285
2026-01-05,027B2DC4EA84,294,225
2026-01-05,027D07FC97FC,158,144
2026-01-05,027FE9CED489,67,64
2026-01-05,028764AA026E,119,107
2026-01-05,02892F51E1CB,127,59
2026-01-05,0289694A6E5B,155,145
2026-01-05,028B24EADDAD,211,54
2026-01-05,028CC0AE5719,185,79
2026-01-05,0293918A963F,102,97
2026-01-05,02980E461859,122,119
2026-01-05,029A2B32D17E,194,176
2026-01-05,029C03C2BF19,107,103
2026-01-05,029DA26B1A92,109,108
2026-01-05,02A3A213EEC1,210,193
2026-01-05,02A80292CB97,106,86
2026-01-05,02B5C5ADC792,121,96
2026-01-05,02B742646A0E,147,136
2026-01-05,02BAD919855D,82,21
2026-01-05,02BD26A4C3A0,247,242
2026-01-05,02C0F45F31E7,75,9
2026-01-05,02CFFA3A3F35,103,102
2026-01-05,02D49A34B2FE,418,310
2026-01-05,02D4DFEF402A,132,6
2026-01-05,02D7623552C8,141,115
2026-01-05,02DC03A0F1E6,156,152
2026-01-05,02E12310186C,391,83
2026-01-05,02EBC6CD4398,109,102
2026-01-05,02F093C88F2E,127,119
2026-01-05,02F18EEE028A,446,301
2026-01-05,02F56F7C8E0B,167,164
2026-01-05,02F5CE7705EC,387,316
2026-01-05,02F98EB34A7A,321,318
2026-01-05,02FBDD4A2C43,78,69
2026-01-05,060C5773A61B,116,107
2026-01-05,060EE3CB4779,69,68
2026-01-05,06132D7396F8,96,80
2026-01-05,0616F247083A,546,499
2026-01-05,061A4322745C,173,134
2026-01-05,06238EE3BE6C,228,207
2026-01-05,062EA113798F,179,147
2026-01-05,0634F78DB4C5,68,59
2026-01-05,0639EA5602C1,113,106
2026-01-05,0644582257D9,140,137
2026-01-05,064AED1EC0AA,195,170
2026-01-05,064BE19B0A9E,143,137
2026-01-05,064C94C771EC,205,158
2026-01-05,064E66B5367B,208,196
2026-01-05,06509A84E873,269,233
2026-01-05,065B928716CD,108,96
2026-01-05,065C003A8D0C,267,240
2026-01-05,066430BA5119,399,376
2026-01-05,0665C3FE6D67,169,163
2026-01-05,06711BE6AD2A,117,109
2026-01-05,06787526FEB3,47,42
2026-01-05,0683D2A8DA42,69,65
2026-01-05,068553B3AA23,114,27
2026-01-05,0687F36E02C6,302,287
2026-01-05,069357B9F15F,204,154
2026-01-05,06981FD8AA87,139,123
2026-01-05,069A98DEEB1D,262,64
2026-01-05,06AA1DE70CBF,69,66
2026-01-05,06AAA28A5D6B,172,155
2026-01-05,06AEE181F595,340,303
2026-01-05,06B162DC93E3,168,66
2026-01-05,06B641B75B29,442,362
2026-01-05,06C0D5E3BCDB,251,64
2026-01-05,06C67619095C,393,345
2026-01-05,06C77FEA9550,54,47
2026-01-05,06C98DF4F0FA,263,230
2026-01-05,06CE0F3CFB3C,61,37
2026-01-05,06D0342253A0,63,61
2026-01-05,06D388A19D5D,130,128
2026-01-05,06D6B7018E15,306,294
2026-01-05,06D7F6C73E0C,244,112
2026-01-05,06D84598CCB4,122,109
2026-01-05,06DAF11BD38F,418,240
2026-01-05,06EA136A2996,205,182
2026-01-05,06EDBAE64B57,256,240
2026-01-05,06EEBD283262,99,95
2026-01-05,06EFD61B80ED,154,128
2026-01-05,06F2469B50EF,102,89
2026-01-05,06F2CDBD2C41,150,127
2026-01-05,06F40EA87663,148,139
2026-01-05,06F49BD8F572,149,98
2026-01-05,06FDA7D7B22A,245,237
2026-01-05,06FFEC2EFA5E,249,224
2026-01-05,0A0B47664A85,40,35
2026-01-05,0A10201AFE0A,53,48
2026-01-05,0A1037E90A63,228,221
2026-01-05,0A10A5A5056E,210,197
2026-01-05,0A15BC628AFC,109,104
2026-01-05,0A182EFD3C61,124,106
2026-01-05,0A184A2E46B7,80,77
2026-01-05,0A19C62F4F6D,77,75
2026-01-05,0A1FB1C98A92,131,112
2026-01-05,0A23474F1944,123,107
2026-01-05,0A25F6E3466C,69,63
2026-01-05,0A268A7E40CD,123,114
2026-01-05,0A272C5A2C9B,70,70
2026-01-05,0A2778A31BE3,140,137
2026-01-05,0A3528D089D9,166,159
2026-01-05,0A3983033084,184,163
2026-01-05,0A42B2DB6370,114,111
2026-01-05,0A4673793B3E,549,505
2026-01-05,0A485668F5C0,127,111
2026-01-05,0A4C884F240A,223,195
2026-01-05,0A4E33E2692B,170,136
2026-01-05,0A52DDE896BF,44,40
2026-01-05,0A55DA266F71,120,106
2026-01-05,0A568E79FEF6,94,3
2026-01-05,0A57338657F8,88,87
2026-01-05,0A57A684E20B,153,138
2026-01-05,0A58FAD26D9D,77,77
2026-01-05,0A5C1439B384,324,304
2026-01-05,0A5D017E401E,213,185
2026-01-05,0A5E96449374,65,56
2026-01-05,0A61E3165158,199,192
2026-01-05,0A62EECEEBD1,251,214
2026-01-05,0A6324E3E043,143,126
2026-01-05,0A6390E0FBA4,57,54
2026-01-05,0A663B6B4B28,136,125
2026-01-05,0A682ED9C6DD,217,194
2026-01-05,0A68A2032450,136,123
2026-01-05,0A68DF0B3D07,146,138
2026-01-05,0A68F38A6ACF,78,70
2026-01-05,0A6C571A1550,198,198
2026-01-05,0A6D3595373D,152,139
2026-01-05,0A6DA0C82CCB,174,154
2026-01-05,0A71A6F9D6C6,279,259
2026-01-05,0A78701F2DCA,132,115
2026-01-05,0A78FAF47B00,82,79
2026-01-05,0A7AAFDD9E11,248,203
2026-01-05,0A7AC5BDAF86,305,285
2026-01-05,0A800188C20F,204,194
2026-01-05,0A8407CF4D85,236,214
2026-01-05,0A87B8C2734F,154,140
2026-01-05,0A8EA87BB037,320,283
2026-01-05,0A9547C11A56,244,102
2026-01-05,0A96EACD8070,208,194
2026-01-05,0A974F5D7D8C,62,56
2026-01-05,0A9A3BFD6C9B,129,112
2026-01-05,0AA18F330F59,156,95
2026-01-05,0AA2818A7B27,196,183
2026-01-05,0AA296FF247D,273,240
2026-01-05,0AA2F2CAB50B,187,168
2026-01-05,0AA3F18DE550,131,122
2026-01-05,0AA473D2FC17,202,188
2026-01-05,0AA4B065E5A5,125,118
2026-01-05,0AA9051FFFFA,156,148
2026-01-05,0AB5F9C21BF8,258,227
2026-01-05,0AB6B45C775A,199,109
2026-01-05,0AB97B7632EB,245,228
2026-01-05,0ABC8E60F4C1,81,77
2026-01-05,0ABD2E513F79,189,168
2026-01-05,0ABE42BE4165,222,208
2026-01-05,0AC437023B18,138,4
2026-01-05,0AD276FC5E27,147,134
2026-01-05,0AD2C92E9756,198,193
2026-01-05,0ADD02AB693D,204,38
2026-01-05,0AE03793586F,114,107
2026-01-05,0AE21E7A17E4,205,197
2026-01-05,0AE6BF39C720,77,65
2026-01-05,0AF1F0E3B640,120,115
2026-01-05,0AF51D7D0F73,254,237
2026-01-05,0AF8DCB98E4B,43,38
2026-01-05,0AF9846E92DD,169,158
2026-01-05,0AFB7B311996,193,181
2026-01-05,0AFE702BB093,222,168
2026-01-05,0AFFC263C0D9,99,85
2026-01-05,0E03D8F69853,69,61
2026-01-05,0E0A8D6EB6B9,336,280
2026-01-05,0E0C3EB7915D,92,85
2026-01-05,0E0E2996F51A,92,91
2026-01-05,0E113B01A9A2,59,43
2026-01-05,0E11F69747A8,740,719
2026-01-05,0E121B6B8661,128,110
2026-01-05,0E1B6F4DBA34,192,181
2026-01-05,0E1C622E61BC,94,93
2026-01-05,0E1D7CA1DB0C,525,477
2026-01-05,0E21C239D865,274,262
2026-01-05,0E2575C7EE05,225,210
2026-01-05,0E2728C481CA,103,92
2026-01-05,0E293C5E4650,57,46
2026-01-05,0E2DEE345837,262,252
2026-01-05,0E31C429C185,87,81
2026-01-05,0E34282F4B53,209,198
2026-01-05,0E3D96237639,177,169
2026-01-05,0E41CF7F74D5,380,355
2026-01-05,0E462188408C,175,167
2026-01-05,0E485CCBF90A,118,105
2026-01-05,0E4CE5FB4405,398,358
2026-01-05,0E50A5B2E5C4,344,328
2026-01-05,0E543D410B0C,157,151
2026-01-05,0E55F28AB569,99,20
2026-01-05,0E5A9CEA8093,366,353
2026-01-05,0E5CD9B19DCB,281,160
2026-01-05,0E5DFCF65AD4,154,60
2026-01-05,0E61D34F9993,169,150
2026-01-05,0E69783262BE,201,188
2026-01-05,0E69C64B6E57,184,176
2026-01-05,0E6A7794AFC7,251,242
2026-01-05,0E6ACE6D3146,315,310
2026-01-05,0E6D2CBAED41,146,138
2026-01-05,0E752F1B295C,323,184
2026-01-05,0E7A8A5414C2,235,159
2026-01-05,0E892C46A442,150,142
2026-01-05,0E89F7D5B5BD,259,247
2026-01-05,0E8B8566815B,267,247
2026-01-05,0E8CF9CA526F,40,37
2026-01-05,0E8F36DAB9C2,125,102
2026-01-05,0E9761D8EB58,324,280
2026-01-05,0E9A30D927A5,301,126
2026-01-05,0E9C29FF940E,124,117
2026-01-05,0E9DC914D8DF,151,147
2026-01-05,0EA0447DA91C,134,121
2026-01-05,0EA22CFA3A24,141,124
2026-01-05,0EA52A2A7581,144,127
2026-01-05,0EAEFEAEFB09,330,327
2026-01-05,0EB04F2114F4,259,258
2026-01-05,0EB6B31D8AFB,196,183
2026-01-05,0EBF1B27CDE1,61,53
2026-01-05,0EC8A35D0C20,151,144
2026-01-05,0ED0849FD6D8,80,73
2026-01-05,0ED1E9DBD593,282,202
2026-01-05,0ED4052A2763,273,252
2026-01-05,0ED5057ECE3F,357,323
2026-01-05,0EDC7177CCA9,72,56
2026-01-05,0EE071F7B24A,142,137
2026-01-05,0EE09EDA649F,259,214
2026-01-05,0EE317BA7C52,107,94
2026-01-05,0EE51B79E853,97,93
2026-01-05,0EE78E4317BB,92,81
2026-01-05,0EE9497950EE,769,736
2026-01-05,0EEA98D1BFDB,587,581
2026-01-05,0EECB108FF91,138,138
2026-01-05,0EF023E6452D,123,104
2026-01-05,0EF08481B333,247,232
2026-01-05,0EF437108E63,279,264
2026-01-05,0EF47B410B41,137,117
2026-01-05,0EFD600E2623,149,142
2026-01-12,0202CB0A6B1F,166,141
2026-01-12,02043B6BA08B,475,419
2026-01-12,02075B45BF24,146,141
2026-01-12,02091DF7CCB8,128,90
2026-01-12,02097AB58D3C,315,270
2026-01-12,020CC6FB9659,208,192
2026-01-12,02132677328F,311,283
2026-01-12,02142F017781,214,207
2026-01-12,02145826103B,129,105
2026-01-12,0217820BFFB2,162,135
2026-01-12,02251388D3A2,92,88
2026-01-12,0228A99EE35A,121,107
2026-01-12,022C6F326E3B,156,46
2026-01-12,022DB47C41AC,136,133
2026-01-12,023015602FAA,179,174
2026-01-12,0230D261A1CD,240,224
2026-01-12,0230EEF72435,351,348
2026-01-12,02314F9A9168,194,61
2026-01-12,023257D29366,221,213
2026-01-12,023270320B57,127,122
2026-01-12,02388A18854F,93,84
2026-01-12,0239AD51B7AF,109,55
2026-01-12,023A663EFD87,202,197
2026-01-12,023ADDDECF84,60,54
2026-01-12,02423E0E6E9F,297,78
2026-01-12,024570739DE0,106,4
2026-01-12,02478CD90F3A,106,99
2026-01-12,024DD3A9ADCA,187,96
2026-01-12,024ED433BF7D,86,67
2026-01-12,0253BB40EDA6,281,269
2026-01-12,0257E855DBCE,125,110
2026-01-12,0259991BA036,579,281
2026-01-12,026A6007FA48,208,181
2026-01-12,027137436C87,482,473
2026-01-12,0278E06A2F67,90,74
2026-01-12,0279D2AC6ACE,295,272
2026-01-12,027B2DC4EA84,294,250
2026-01-12,027D07FC97FC,158,140
2026-01-12,027FE9CED489,67,61
2026-01-12,028764AA026E,119,118
2026-01-12,02892F51E1CB,127,48
2026-01-12,0289694A6E5B,155,147
2026-01-12,028B24EADDAD,211,71
2026-01-12,028CC0AE5719,185,102
2026-01-12,0293918A963F,102,94
2026-01-12,02980E461859,122,117
2026-01-12,029A2B32D17E,194,181
2026-01-12,029C03C2BF19,107,99
2026-01-12,029DA26B1A92,109,94
2026-01-12,02A3A213EEC1,210,174
2026-01-12,02A80292CB97,106,94
2026-01-12,02B5C5ADC792,121,104
2026-01-12,02B742646A0E,147,140
2026-01-12,02BAD919855D,82,35
2026-01-12,02BD26A4C3A0,247,222
2026-01-12,02C0F45F31E7,75,8
2026-01-12,02CFFA3A3F35,103,97
2026-01-12,02D49A34B2FE,418,343
2026-01-12,02D4DFEF402A,132,14
2026-01-12,02D7623552C8,141,125
2026-01-12,02DC03A0F1E6,156,148
2026-01-12,02E12310186C,391,69
2026-01-12,02EBC6CD4398,109,107
2026-01-12,02F093C88F2E,127,123
2026-01-12,02F18EEE028A,446,364
2026-01-12,02F56F7C8E0B,167,167
2026-01-12,02F5CE7705EC,387,359
2026-01-12,02F98EB34A7A,321,309
2026-01-12,02FBDD4A2C43,78,74
2026-01-12,060C5773A61B,116,107
2026-01-12,060EE3CB4779,69,67
2026-01-12,06132D7396F8,96,83
2026-01-12,0616F247083A,546,498
2026-01-12,061A4322745C,173,162
2026-01-12,06238EE3BE6C,228,215
2026-01-12,062EA113798F,179,174
2026-01-12,0634F78DB4C5,68,61
2026-01-12,0639EA5602C1,113,93
2026-01-12,0644582257D9,140,133
2026-01-12,064AED1EC0AA,195,157
2026-01-12,064BE19B0A9E,143,133
2026-01-12,064C94C771EC,205,111
2026-01-12,064E66B5367B,208,190
2026-01-12,06509A84E873,269,261
2026-01-12,065B928716CD,108,89
2026-01-12,065C003A8D0C,267,253
2026-01-12,066430BA5119,399,390
2026-01-12,0665C3FE6D67,169,161
2026-01-12,06711BE6AD2A,117,111
2026-01-12,06787526FEB3,47,41
2026-01-12,0683D2A8DA42,69,69
2026-01-12,068553B3AA23,114,52
2026-01-12,0687F36E02C6,302,288
2026-01-12,069357B9F15F,204,176
2026-01-12,06981FD8AA87,139,128
2026-01-12,069A98DEEB1D,262,55
2026-01-12,06AA1DE70CBF,69,69
2026-01-12,06AAA28A5D6B,172,155
2026-01-12,06AEE181F595,340,324
2026-01-12,06B162DC93E3,168,78
2026-01-12,06B641B75B29,442,392
2026-01-12,06C0D5E3BCDB,251,69
2026-01-12,06C67619095C,393,327
2026-01-12,06C77FEA9550,54,45
2026-01-12,06C98DF4F0FA,263,229
2026-01-12,06CE0F3CFB3C,61,34
2026-01-12,06D0342253A0,63,60
2026-01-12,06D388A19D5D,130,129
2026-01-12,06D6B7018E15,306,298
2026-01-12,06D7F6C73E0C,244,155
2026-01-12,06D84598CCB4,122,119
2026-01-12,06DAF11BD38F,418,306
2026-01-12,06EA136A2996,205,186
2026-01-12,06EDBAE64B57,256,235
2026-01-12,06EEBD283262,99,87
2026-01-12,06EFD61B80ED,154,142
2026-01-12,06F2469B50EF,102,93
2026-01-12,06F2CDBD2C41,150,126
2026-01-12,06F40EA87663,148,136
2026-01-12,06F49BD8F572,149,65
2026-01-12,06FDA7D7B22A,245,235
2026-01-12,06FFEC2EFA5E,249,233
2026-01-12,0A0B47664A85,40,37
2026-01-12,0A10201AFE0A,53,48
2026-01-12,0A1037E90A63,228,228
2026-01-12,0A10A5A5056E,210,205
2026-01-12,0A15BC628AFC,109,104
2026-01-12,0A182EFD3C61,124,107
2026-01-12,0A184A2E46B7,80,80
2026-01-12,0A19C62F4F6D,77,73
2026-01-12,0A1FB1C98A92,131,117
2026-01-12,0A23474F1944,123,119
2026-01-12,0A25F6E3466C,69,56
2026-01-12,0A268A7E40CD,123,120
2026-01-12,0A272C5A2C9B,70,62
2026-01-12,0A2778A31BE3,140,128
2026-01-12,0A3528D089D9,166,157
2026-01-12,0A3983033084,184,175
2026-01-12,0A42B2DB6370,114,107
2026-01-12,0A4673793B3E,549,532
2026-01-12,0A485668F5C0,127,120
2026-01-12,0A4C884F240A,223,161
2026-01-12,0A4E33E2692B,170,139
2026-01-12,0A52DDE896BF,44,41
2026-01-12,0A55DA266F71,120,114
2026-01-12,0A568E79FEF6,94,2
2026-01-12,0A57338657F8,88,87
2026-01-12,0A57A684E20B,153,147
2026-01-12,0A58FAD26D9D,77,72
2026-01-12,0A5C1439B384,324,314
2026-01-12,0A5D017E401E,213,185
2026-01-12,0A5E96449374,65,58
2026-01-12,0A61E3165158,199,186
2026-01-12,0A62EECEEBD1,251,232
2026-01-12,0A6324E3E043,143,136
2026-01-12,0A6390E0FBA4,57,53
2026-01-12,0A663B6B4B28,136,116
2026-01-12,0A682ED9C6DD,217,187
2026-01-12,0A68A2032450,136,128
2026-01-12,0A68DF0B3D07,146,132
2026-01-12,0A68F38A6ACF,78,63
2026-01-12,0A6C571A1550,198,192
2026-01-12,0A6D3595373D,152,135
2026-01-12,0A6DA0C82CCB,174,165
2026-01-12,0A71A6F9D6C6,279,269
2026-01-12,0A78701F2DCA,132,123
2026-01-12,0A78FAF47B00,82,80
2026-01-12,0A7AAFDD9E11,248,218
2026-01-12,0A7AC5BDAF86,305,264
2026-01-12,0A800188C20F,204,185
2026-01-12,0A8407CF4D85,236,220
2026-01-12,0A87B8C2734F,154,148
2026-01-12,0A8EA87BB037,320,296
2026-01-12,0A9547C11A56,244,111
2026-01-12,0A96EACD8070,208,196
2026-01-12,0A974F5D7D8C,62,57
2026-01-12,0A9A3BFD6C9B,129,119
2026-01-12,0AA18F330F59,156,116
2026-01-12,0AA2818A7B27,196,181
2026-01-12,0AA296FF247D,273,245
2026-01-12,0AA2F2CAB50B,187,167
2026-01-12,0AA3F18DE550,131,122
2026-01-12,0AA473D2FC17,202,188
2026-01-12,0AA4B065E5A5,125,122
2026-01-12,0AA9051FFFFA,156,148
2026-01-12,0AB5F9C21BF8,258,220
2026-01-12,0AB6B45C775A,199,66
2026-01-12,0AB97B7632EB,245,224
2026-01-12,0ABC8E60F4C1,81,76
2026-01-12,0ABD2E513F79,189,169
2026-01-12,0ABE42BE4165,222,197
2026-01-12,0AC437023B18,138,2
2026-01-12,0AD276FC5E27,147,129
2026-01-12,0AD2C92E9756,198,185
2026-01-12,0ADD02AB693D,204,44
2026-01-12,0AE03793586F,114,108
2026-01-12,0AE21E7A17E4,205,195
2026-01-12,0AE6BF39C720,77,73
2026-01-12,0AF1F0E3B640,120,113
2026-01-12,0AF51D7D0F73,254,229
2026-01-12,0AF8DCB98E4B,43,38
2026-01-12,0AF9846E92DD,169,155
2026-01-12,0AFB7B311996,193,181
2026-01-12,0AFE702BB093,222,172
2026-01-12,0AFFC263C0D9,99,88
2026-01-12,0E03D8F69853,69,60
2026-01-12,0E0A8D6EB6B9,336,297
2026-01-12,0E0C3EB7915D,92,90
2026-01-12,0E0E2996F51A,92,88
2026-01-12,0E113B01A9A2,59,45
2026-01-12,0E11F69747A8,740,728
2026-01-12,0E121B6B8661,128,104
2026-01-12,0E1B6F4DBA34,192,168
2026-01-12,0E1C622E61BC,94,93
2026-01-12,0E1D7CA1DB0C,525,518
2026-01-12,0E21C239D865,274,259
2026-01-12,0E2575C7EE05,225,210
2026-01-12,0E2728C481CA,103,94
2026-01-12,0E293C5E4650,57,51
2026-01-12,0E2DEE345837,262,239
2026-01-12,0E31C429C185,87,74
2026-01-12,0E34282F4B53,209,197
2026-01-12,0E3D96237639,177,161
2026-01-12,0E3E1361EF6B,147,141
2026-01-12,0E41CF7F74D5,380,340
2026-01-12,0E462188408C,175,175
2026-01-12,0E485CCBF90A,118,95
2026-01-12,0E4CE5FB4405,398,353
2026-01-12,0E50A5B2E5C4,344,333
2026-01-12,0E5303C82FCB,238,227
2026-01-12,0E543D410B0C,157,156
2026-01-12,0E55F28AB569,99,13
2026-01-12,0E5A9CEA8093,366,351
2026-01-12,0E5CD9B19DCB,281,141
2026-01-12,0E5DFCF65AD4,154,66
2026-01-12,0E61D34F9993,169,156
2026-01-12,0E69783262BE,201,182
2026-01-12,0E69C64B6E57,184,168
2026-01-12,0E6A7794AFC7,251,237
2026-01-12,0E6ACE6D3146,315,310
2026-01-12,0E6D2CBAED41,146,130
2026-01-12,0E752F1B295C,323,210
2026-01-12,0E7A8A5414C2,235,158
2026-01-12,0E892C46A442,150,143
2026-01-12,0E89F7D5B5BD,259,230
2026-01-12,0E8B8566815B,267,245
2026-01-12,0E8CF9CA526F,40,36
2026-01-12,0E8F36DAB9C2,125,112
2026-01-12,0E9761D8EB58,324,273
2026-01-12,0E9A30D927A5,301,130
2026-01-12,0E9C29FF940E,124,119
2026-01-12,0E9DC914D8DF,151,138
2026-01-12,0EA0447DA91C,134,114
2026-01-12,0EA22CFA3A24,141,129
2026-01-12,0EA52A2A7581,144,137
2026-01-12,0EAEFEAEFB09,330,318
2026-01-12,0EB04F2114F4,259,252
2026-01-12,0EB6B31D8AFB,196,191
2026-01-12,0EBF1B27CDE1,61,52
2026-01-12,0EC8A35D0C20,151,147
2026-01-12,0ED0849FD6D8,80,74
2026-01-12,0ED1E9DBD593,282,212
2026-01-12,0ED4052A2763,273,253
2026-01-12,0ED5057ECE3F,357,315
2026-01-12,0EDC7177CCA9,72,69
2026-01-12,0EE071F7B24A,142,127
2026-01-12,0EE09EDA649F,259,241
2026-01-12,0EE317BA7C52,107,95
2026-01-12,0EE51B79E853,97,97
2026-01-12,0EE78E4317BB,92,83
2026-01-12,0EE9497950EE,769,764
2026-01-12,0EEA98D1BFDB,587,577
2026-01-12,0EECB108FF91,138,133
2026-01-12,0EF023E6452D,123,92
2026-01-12,0EF08481B333,247,239
2026-01-12,0EF437108E63,279,261
2026-01-12,0EF47B410B41,137,127
2026-01-12,0EFD600E2623,149,140
2026-01-19,0202CB0A6B1F,166,155
2026-01-19,02043B6BA08B,475,442
2026-01-19,02075B45BF24,146,135
2026-01-19,02091DF7CCB8,128,107
2026-01-19,02097AB58D3C,315,249
2026-01-19,020CC6FB9659,208,186
2026-01-19,02132677328F,311,274
2026-01-19,02142F017781,214,196
2026-01-19,02145826103B,129,124
2026-01-19,0217820BFFB2,162,134
2026-01-19,02251388D3A2,92,90
2026-01-19,0228A99EE35A,121,116
2026-01-19,022C6F326E3B,156,37
2026-01-19,022DB47C41AC,136,130
2026-01-19,023015602FAA,179,169
2026-01-19,0230D261A1CD,240,221
2026-01-19,0230EEF72435,351,334
2026-01-19,02314F9A9168,194,53
2026-01-19,023257D29366,221,211
2026-01-19,023270320B57,127,126
2026-01-19,02388A18854F,93,86
2026-01-19,0239AD51B7AF,109,70
2026-01-19,023A663EFD87,202,186
2026-01-19,023ADDDECF84,60,56
2026-01-19,02423E0E6E9F,297,66
2026-01-19,024570739DE0,106,7
2026-01-19,02478CD90F3A,106,99
2026-01-19,024DD3A9ADCA,187,108
2026-01-19,024ED433BF7D,86,75
2026-01-19,0253BB40EDA6,281,258
2026-01-19,0257E855DBCE,125,107
2026-01-19,0259991BA036,579,408
2026-01-19,025E884AB484,100,93
2026-01-19,026A6007FA48,208,180
2026-01-19,027137436C87,482,465
2026-01-19,0278E06A2F67,90,79
2026-01-19,0279D2AC6ACE,295,254
2026-01-19,027B2DC4EA84,294,264
2026-01-19,027D07FC97FC,158,146
2026-01-19,027FE9CED489,67,65
2026-01-19,02817D5E40EE,159,147
2026-01-19,028764AA026E,119,116
2026-01-19,02892F51E1CB,127,50
2026-01-19,0289694A6E5B,155,142
2026-01-19,028B24EADDAD,211,73
2026-01-19,028CC0AE5719,185,103
2026-01-19,0293918A963F,102,100
2026-01-19,02980E461859,122,114
2026-01-19,029A2B32D17E,194,182
2026-01-19,029C03C2BF19,107,103
2026-01-19,029DA26B1A92,109,104
2026-01-19,02A3A213EEC1,210,204
2026-01-19,02A80292CB97,106,95
2026-01-19,02B5C5ADC792,121,115
2026-01-19,02B742646A0E,147,141
2026-01-19,02BAD919855D,82,38
2026-01-19,02BD26A4C3A0,247,231
2026-01-19,02C0F45F31E7,75,8
2026-01-19,02CFFA3A3F35,103,91
2026-01-19,02D49A34B2FE,418,352
2026-01-19,02D4DFEF402A,132,15
2026-01-19,02D7623552C8,141,117
2026-01-19,02DC03A0F1E6,156,148
2026-01-19,02E12310186C,391,107
2026-01-19,02EBC6CD4398,109,103
2026-01-19,02F093C88F2E,127,115
2026-01-19,02F18EEE028A,446,396
2026-01-19,02F56F7C8E0B,167,163
2026-01-19,02F5CE7705EC,387,373
2026-01-19,02F98EB34A7A,321,307
2026-01-19,02FBDD4A2C43,78,74
2026-01-19,060C5773A61B,116,102
2026-01-19,060EE3CB4779,69,65
2026-01-19,06132D7396F8,96,78
2026-01-19,0616F247083A,546,488
2026-01-19,061A4322745C,173,138
2026-01-19,06238EE3BE6C,228,212
2026-01-19,062CA8BB55FC,195,185
2026-01-19,062EA113798F,179,168
2026-01-19,0634F78DB4C5,68,66
2026-01-19,0639EA5602C1,113,107
2026-01-19,0644582257D9,140,128
2026-01-19,064AED1EC0AA,195,111
2026-01-19,064BE19B0A9E,143,133
2026-01-19,064C94C771EC,205,127
2026-01-19,064E66B5367B,208,203
2026-01-19,06509A84E873,269,250
2026-01-19,0656377B3078,42,42
2026-01-19,065B928716CD,108,91
2026-01-19,065C003A8D0C,267,254
2026-01-19,066430BA5119,399,378
2026-01-19,0665C3FE6D67,169,165
2026-01-19,06711BE6AD2A,117,116
2026-01-19,06787526FEB3,47,40
2026-01-19,0683D2A8DA42,69,62
2026-01-19,068553B3AA23,114,84
2026-01-19,0687F36E02C6,302,272
2026-01-19,069357B9F15F,204,166
2026-01-19,06981FD8AA87,139,126
2026-01-19,069A98DEEB1D,262,42
2026-01-19,069FB4585F6E,70,67
2026-01-19,06AA1DE70CBF,69,65
2026-01-19,06AAA28A5D6B,172,159
2026-01-19,06AEE181F595,340,312
2026-01-19,06B162DC93E3,168,75
2026-01-19,06B641B75B29,442,390
2026-01-19,06C0D5E3BCDB,251,63
2026-01-19,06C67619095C,393,346
2026-01-19,06C77FEA9550,54,48
2026-01-19,06C98DF4F0FA,263,250
2026-01-19,06CE0F3CFB3C,61,42
2026-01-19,06D0342253A0,63,60
2026-01-19,06D388A19D5D,130,127
2026-01-19,06D6B7018E15,306,290
2026-01-19,06D7F6C73E0C,244,201
2026-01-19,06D84598CCB4,122,116
2026-01-19,06DAF11BD38F,418,351
2026-01-19,06EA136A2996,205,193
2026-01-19,06EDBAE64B57,256,232
2026-01-19,06EEBD283262,99,94
2026-01-19,06EFD61B80ED,154,143
2026-01-19,06F2469B50EF,102,92
2026-01-19,06F2CDBD2C41,150,84
2026-01-19,06F40EA87663,148,130
2026-01-19,06F49BD8F572,149,59
2026-01-19,06FDA7D7B22A,245,217
2026-01-19,06FFEC2EFA5E,249,211
2026-01-19,0A0B47664A85,40,34
2026-01-19,0A10201AFE0A,53,46
2026-01-19,0A1037E90A63,228,227
2026-01-19,0A10A5A5056E,210,201
2026-01-19,0A15BC628AFC,109,102
2026-01-19,0A182EFD3C61,124,106
2026-01-19,0A184A2E46B7,80,80
2026-01-19,0A19C62F4F6D,77,68
2026-01-19,0A1FB1C98A92,131,126
2026-01-19,0A23474F1944,123,111
2026-01-19,0A25F6E3466C,69,58
2026-01-19,0A268A7E40CD,123,120
2026-01-19,0A272C5A2C9B,70,63
2026-01-19,0A2778A31BE3,140,101
2026-01-19,0A3528D089D9,166,148
2026-01-19,0A3983033084,184,180
2026-01-19,0A42B2DB6370,114,111
2026-01-19,0A4673793B3E,549,540
2026-01-19,0A485668F5C0,127,108
2026-01-19,0A4C884F240A,223,205
2026-01-19,0A4E33E2692B,170,139
2026-01-19,0A52DDE896BF,44,38
2026-01-19,0A55DA266F71,120,106
2026-01-19,0A568E79FEF6,94,6
2026-01-19,0A57338657F8,88,85
2026-01-19,0A57A684E20B,153,146
2026-01-19,0A58FAD26D9D,77,77
2026-01-19,0A5C1439B384,324,304
2026-01-19,0A5D017E401E,213,197
2026-01-19,0A5E96449374,65,62
2026-01-19,0A61E3165158,199,191
2026-01-19,0A62EECEEBD1,251,225
2026-01-19,0A6324E3E043,143,129
2026-01-19,0A6390E0FBA4,57,52
2026-01-19,0A663B6B4B28,136,126
2026-01-19,0A682ED9C6DD,217,188
2026-01-19,0A68A2032450,136,123
2026-01-19,0A68DF0B3D07,146,140
2026-01-19,0A68F38A6ACF,78,71
2026-01-19,0A6C571A1550,198,193
2026-01-19,0A6D3595373D,152,139
2026-01-19,0A6DA0C82CCB,174,160
2026-01-19,0A71A6F9D6C6,279,269
2026-01-19,0A78701F2DCA,132,126
2026-01-19,0A78FAF47B00,82,77
2026-01-19,0A7AAFDD9E11,248,220
2026-01-19,0A7AC5BDAF86,305,238
2026-01-19,0A7CCAB29381,213,198
2026-01-19,0A800188C20F,204,172
2026-01-19,0A8407CF4D85,236,228
2026-01-19,0A87B8C2734F,154,142
2026-01-19,0A8EA87BB037,320,301
2026-01-19,0A9547C11A56,244,120
2026-01-19,0A96EACD8070,208,202
2026-01-19,0A974F5D7D8C,62,57
2026-01-19,0A9A3BFD6C9B,129,118
2026-01-19,0AA18F330F59,156,133
2026-01-19,0AA2818A7B27,196,187
2026-01-19,0AA296FF247D,273,228
2026-01-19,0AA2F2CAB50B,187,163
2026-01-19,0AA3F18DE550,131,123
2026-01-19,0AA473D2FC17,202,183
2026-01-19,0AA4B065E5A5,125,120
2026-01-19,0AA9051FFFFA,156,150
2026-01-19,0AB5F9C21BF8,258,239
2026-01-19,0AB6B45C775A,199,47
2026-01-19,0AB97B7632EB,245,239
2026-01-19,0ABC8E60F4C1,81,73
2026-01-19,0ABD2E513F79,189,170
2026-01-19,0ABE42BE4165,222,209
2026-01-19,0AC437023B18,138,4
2026-01-19,0AD276FC5E27,147,129
2026-01-19,0AD2C92E9756,198,194
2026-01-19,0ADD02AB693D,204,21
2026-01-19,0AE03793586F,114,105
2026-01-19,0AE21E7A17E4,205,186
2026-01-19,0AE6BF39C720,77,73
2026-01-19,0AF1F0E3B640,120,114
2026-01-19,0AF51D7D0F73,254,226
2026-01-19,0AF8DCB98E4B,43,41
2026-01-19,0AF9846E92DD,169,149
2026-01-19,0AFB7B311996,193,186
2026-01-19,0AFE702BB093,222,190
2026-01-19,0AFFC263C0D9,99,88
2026-01-19,0E03D8F69853,69,65
2026-01-19,0E0A8D6EB6B9,336,305
2026-01-19,0E0C3EB7915D,92,89
2026-01-19,0E0E2996F51A,92,88
2026-01-19,0E113B01A9A2,59,54
2026-01-19,0E11F69747A8,740,704
2026-01-19,0E121B6B8661,128,114
2026-01-19,0E1B6F4DBA34,192,115
2026-01-19,0E1C622E61BC,94,89
2026-01-19,0E1D7CA1DB0C,525,473
2026-01-19,0E21C239D865,274,249
2026-01-19,0E2575C7EE05,225,220
2026-01-19,0E2728C481CA,103,90
2026-01-19,0E293C5E4650,57,53
2026-01-19,0E2DEE345837,262,251
2026-01-19,0E31C429C185,87,83
2026-01-19,0E34282F4B53,209,192
2026-01-19,0E3D96237639,177,164
2026-01-19,0E3E1361EF6B,147,137
2026-01-19,0E41CF7F74D5,380,355
2026-01-19,0E462188408C,175,161
2026-01-19,0E485CCBF90A,118,103
2026-01-19,0E4CE5FB4405,398,366
2026-01-19,0E50A5B2E5C4,344,334
2026-01-19,0E5303C82FCB,238,229
2026-01-19,0E543D410B0C,157,154
2026-01-19,0E55F28AB569,99,20
2026-01-19,0E5A9CEA8093,366,335
2026-01-19,0E5CD9B19DCB,281,132
2026-01-19,0E5DFCF65AD4,154,63
2026-01-19,0E61D34F9993,169,158
2026-01-19,0E69783262BE,201,174
2026-01-19,0E69C64B6E57,184,166
2026-01-19,0E6A7794AFC7,251,230
2026-01-19,0E6ACE6D3146,315,310
2026-01-19,0E6D2CBAED41,146,132
2026-01-19,0E6DD6464541,199,195
2026-01-19,0E752F1B295C,323,236
2026-01-19,0E7A8A5414C2,235,156
2026-01-19,0E892C46A442,150,135
2026-01-19,0E89F7D5B5BD,259,230
2026-01-19,0E8B8566815B,267,251
2026-01-19,0E8CF9CA526F,40,39
2026-01-19,0E8F36DAB9C2,125,105
2026-01-19,0E9761D8EB58,324,277
2026-01-19,0E9A30D927A5,301,114
2026-01-19,0E9C29FF940E,124,121
2026-01-19,0E9DC914D8DF,151,115
2026-01-19,0EA0447DA91C,134,116
2026-01-19,0EA22CFA3A24,141,124
2026-01-19,0EA52A2A7581,144,140
2026-01-19,0EAEFEAEFB09,330,318
2026-01-19,0EB04F2114F4,259,259
2026-01-19,0EB6B31D8AFB,196,175
2026-01-19,0EBF1B27CDE1,61,56
2026-01-19,0EC8A35D0C20,151,131
2026-01-19,0ED0849FD6D8,80,70
2026-01-19,0ED1E9DBD593,282,236
2026-01-19,0ED4052A2763,273,245
2026-01-19,0ED5057ECE3F,357,329
2026-01-19,0EDC7177CCA9,72,65
2026-01-19,0EE071F7B24A,142,131
2026-01-19,0EE09EDA649F,259,222
2026-01-19,0EE317BA7C52,107,94
2026-01-19,0EE51B79E853,97,92
2026-01-19,0EE78E4317BB,92,87
2026-01-19,0EE9497950EE,769,758
2026-01-19,0EEA98D1BFDB,587,563
2026-01-19,0EECB108FF91,138,131
2026-01-19,0EF023E6452D,123,88
2026-01-19,0EF08481B333,247,236
2026-01-19,0EF437108E63,279,261
2026-01-19,0EF47B410B41,137,129
2026-01-19,0EFD600E2623,149,141
2026-01-26,0202CB0A6B1F,166,162
2026-01-26,02043B6BA08B,475,446
2026-01-26,02075B45BF24,146,134
2026-01-26,02091DF7CCB8,128,104
2026-01-26,02097AB58D3C,315,208
2026-01-26,020CC6FB9659,208,195
2026-01-26,02132677328F,311,288
2026-01-26,021406F56396,338,311
2026-01-26,02142F017781,214,200
2026-01-26,02145826103B,129,123
2026-01-26,0217820BFFB2,162,136
2026-01-26,02251388D3A2,92,83
2026-01-26,0228A99EE35A,121,108
2026-01-26,022C6F326E3B,156,22
2026-01-26,022DB47C41AC,136,123
2026-01-26,023015602FAA,179,159
2026-01-26,0230D261A1CD,240,213
2026-01-26,0230EEF72435,351,327
2026-01-26,02314F9A9168,194,48
2026-01-26,023257D29366,221,215
2026-01-26,023270320B57,127,125
2026-01-26,02388A18854F,93,90
2026-01-26,0239AD51B7AF,109,75
2026-01-26,023A663EFD87,202,184
2026-01-26,023ADDDECF84,60,55
2026-01-26,02423E0E6E9F,297,55
2026-01-26,024570739DE0,106,8
2026-01-26,02478CD90F3A,106,101
2026-01-26,024DD3A9ADCA,187,114
2026-01-26,024ED433BF7D,86,75
2026-01-26,0253BB40EDA6,281,261
2026-01-26,0257E855DBCE,125,120
2026-01-26,0259991BA036,579,409
2026-01-26,025E884AB484,100,96
2026-01-26,026A6007FA48,208,182
2026-01-26,027137436C87,482,463
2026-01-26,0278E06A2F67,90,80
2026-01-26,0279D2AC6ACE,295,212
2026-01-26,027B2DC4EA84,294,270
2026-01-26,027D07FC97FC,158,123
2026-01-26,027FE9CED489,67,60
2026-01-26,02817D5E40EE,159,143
2026-01-26,028764AA026E,119,101
2026-01-26,02892F51E1CB,127,58
2026-01-26,0289694A6E5B,155,146
2026-01-26,028A7DBC9820,227,197
2026-01-26,028B24EADDAD,211,117
2026-01-26,028CC0AE5719,185,138
2026-01-26,0293918A963F,102,100
2026-01-26,02980E461859,122,116
2026-01-26,029A2B32D17E,194,174
2026-01-26,029C03C2BF19,107,104
2026-01-26,029DA26B1A92,109,103
2026-01-26,02A3A213EEC1,210,187
2026-01-26,02A80292CB97,106,100
2026-01-26,02B5C5ADC792,121,109
2026-01-26,02B742646A0E,147,140
2026-01-26,02BAD919855D,82,55
2026-01-26,02BD26A4C3A0,247,228
2026-01-26,02C0F45F31E7,75,6
2026-01-26,02CFFA3A3F35,103,101
2026-01-26,02D49A34B2FE,418,362
2026-01-26,02D4DFEF402A,132,19
2026-01-26,02D7623552C8,141,111
2026-01-26,02DC03A0F1E6,156,153
2026-01-26,02E12310186C,391,210
2026-01-26,02EBC6CD4398,109,101
2026-01-26,02F093C88F2E,127,123
2026-01-26,02F18EEE028A,446,396
2026-01-26,02F56F7C8E0B,167,154
2026-01-26,02F5CE7705EC,387,366
2026-01-26,02F98EB34A7A,321,307
2026-01-26,02FBDD4A2C43,78,75
2026-01-26,060C5773A61B,116,98
2026-01-26,060EE3CB4779,69,61
2026-01-26,06132D7396F8,96,88
2026-01-26,0616F247083A,546,467
2026-01-26,061A4322745C,173,147
2026-01-26,06238EE3BE6C,228,220
2026-01-26,062CA8BB55FC,195,177
2026-01-26,062EA113798F,179,167
2026-01-26,0634F78DB4C5,68,61
2026-01-26,0639EA5602C1,113,106
2026-01-26,0644582257D9,140,133
2026-01-26,064AED1EC0AA,195,100
2026-01-26,064BE19B0A9E,143,133
2026-01-26,064C94C771EC,205,146
2026-01-26,064E66B5367B,208,201
2026-01-26,06509A84E873,269,251
2026-01-26,0656377B3078,42,40
2026-01-26,065B928716CD,108,88
2026-01-26,065C003A8D0C,267,245
2026-01-26,066430BA5119,399,367
2026-01-26,0665C3FE6D67,169,163
2026-01-26,06711BE6AD2A,117,116
2026-01-26,06787526FEB3,47,37
2026-01-26,0683D2A8DA42,69,64
2026-01-26,068553B3AA23,114,80
2026-01-26,0687F36E02C6,302,260
2026-01-26,069357B9F15F,204,185
2026-01-26,06981FD8AA87,139,124
2026-01-26,069A98DEEB1D,262,72
2026-01-26,069FB4585F6E,70,68
2026-01-26,06AA1DE70CBF,69,65
2026-01-26,06AAA28A5D6B,172,163
2026-01-26,06AEE181F595,340,321
2026-01-26,06B162DC93E3,168,100
2026-01-26,06B641B75B29,442,384
2026-01-26,06C0D5E3BCDB,251,62
2026-01-26,06C67619095C,393,348
2026-01-26,06C77FEA9550,54,51
2026-01-26,06C98DF4F0FA,263,237
2026-01-26,06CE0F3CFB3C,61,42
2026-01-26,06D0342253A0,63,61
2026-01-26,06D388A19D5D,130,122
2026-01-26,06D6B7018E15,306,278
2026-01-26,06D7F6C73E0C,244,197
2026-01-26,06D84598CCB4,122,110
2026-01-26,06DAF11BD38F,418,369
2026-01-26,06EA136A2996,205,202
2026-01-26,06EDBAE64B57,256,236
2026-01-26,06EEBD283262,99,97
2026-01-26,06EFD61B80ED,154,152
2026-01-26,06F170E6BB03,168,160
2026-01-26,06F2469B50EF,102,93
2026-01-26,06F2CDBD2C41,150,78
2026-01-26,06F40EA87663,148,133
2026-01-26,06F49BD8F572,149,42
2026-01-26,06FDA7D7B22A,245,225
2026-01-26,06FFEC2EFA5E,249,155
2026-01-26,0A0B47664A85,40,38
2026-01-26,0A10201AFE0A,53,48
2026-01-26,0A1037E90A63,228,226
2026-01-26,0A10A5A5056E,210,197
2026-01-26,0A15BC628AFC,109,100
2026-01-26,0A182EFD3C61,124,106
2026-01-26,0A184A2E46B7,80,74
2026-01-26,0A19C62F4F6D,77,72
2026-01-26,0A1FB1C98A92,131,108
2026-01-26,0A23474F1944,123,104
2026-01-26,0A25F6E3466C,69,59
2026-01-26,0A268A7E40CD,123,111
2026-01-26,0A272C5A2C9B,70,63
2026-01-26,0A2778A31BE3,140,67
2026-01-26,0A3528D089D9,166,136
2026-01-26,0A3983033084,184,177
2026-01-26,0A42B2DB6370,114,106
2026-01-26,0A4673793B3E,549,521
2026-01-26,0A485668F5C0,127,112
2026-01-26,0A4C884F240A,223,196
2026-01-26,0A4E33E2692B,170,80
2026-01-26,0A52DDE896BF,44,39
2026-01-26,0A55DA266F71,120,78
2026-01-26,0A56038B20D0,165,159
2026-01-26,0A568E79FEF6,94,5
2026-01-26,0A57338657F8,88,87
2026-01-26,0A57A684E20B,153,140
2026-01-26,0A58FAD26D9D,77,75
2026-01-26,0A5C1439B384,324,308
2026-01-26,0A5D017E401E,213,191
2026-01-26,0A5E96449374,65,58
2026-01-26,0A61E3165158,199,193
2026-01-26,0A62EECEEBD1,251,226
2026-01-26,0A6324E3E043,143,129
2026-01-26,0A6390E0FBA4,57,52
2026-01-26,0A663B6B4B28,136,117
2026-01-26,0A682ED9C6DD,217,188
2026-01-26,0A68A2032450,136,123
2026-01-26,0A68DF0B3D07,146,139
2026-01-26,0A68F38A6ACF,78,65
2026-01-26,0A6C571A1550,198,197
2026-01-26,0A6D3595373D,152,144
2026-01-26,0A6DA0C82CCB,174,171
2026-01-26,0A71A6F9D6C6,279,257
2026-01-26,0A78701F2DCA,132,117
2026-01-26,0A78FAF47B00,82,74
2026-01-26,0A7AAFDD9E11,248,221
2026-01-26,0A7AC5BDAF86,305,209
2026-01-26,0A7CCAB29381,213,204
2026-01-26,0A800188C20F,204,179
2026-01-26,0A8407CF4D85,236,207
2026-01-26,0A87B8C2734F,154,141
2026-01-26,0A8EA87BB037,320,292
2026-01-26,0A9547C11A56,244,167
2026-01-26,0A96EACD8070,208,185
2026-01-26,0A974F5D7D8C,62,51
2026-01-26,0A9A3BFD6C9B,129,125
2026-01-26,0AA18F330F59,156,140
2026-01-26,0AA2818A7B27,196,190
2026-01-26,0AA296FF247D,273,167
2026-01-26,0AA2F2CAB50B,187,176
2026-01-26,0AA3F18DE550,131,117
2026-01-26,0AA473D2FC17,202,183
2026-01-26,0AA4B065E5A5,125,122
2026-01-26,0AA9051FFFFA,156,150
2026-01-26,0AB5F9C21BF8,258,234
2026-01-26,0AB6B45C775A,199,42
2026-01-26,0AB97B7632EB,245,217
2026-01-26,0ABC8E60F4C1,81,69
2026-01-26,0ABD2E513F79,189,170
2026-01-26,0ABE42BE4165,222,209
2026-01-26,0AC437023B18,138,10
2026-01-26,0AD276FC5E27,147,115
2026-01-26,0AD2C92E9756,198,196
2026-01-26,0ADD02AB693D,204,27
2026-01-26,0AE03793586F,114,106
2026-01-26,0AE21E7A17E4,205,199
2026-01-26,0AE6BF39C720,77,65
2026-01-26,0AF1F0E3B640,120,108
2026-01-26,0AF51D7D0F73,254,230
2026-01-26,0AF8DCB98E4B,43,39
2026-01-26,0AF9846E92DD,169,148
2026-01-26,0AFB7B311996,193,185
2026-01-26,0AFE702BB093,222,178
2026-01-26,0AFFC263C0D9,99,81
2026-01-26,0E03D8F69853,69,61
2026-01-26,0E09A0FC838D,56,56
2026-01-26,0E0A8D6EB6B9,336,310
2026-01-26,0E0C3EB7915D,92,83
2026-01-26,0E0E2996F51A,92,82
2026-01-26,0E113B01A9A2,59,57
2026-01-26,0E11F69747A8,740,734
2026-01-26,0E121B6B8661,128,104
2026-01-26,0E1B6F4DBA34,192,78
2026-01-26,0E1C622E61BC,94,82
2026-01-26,0E1D7CA1DB0C,525,507
2026-01-26,0E21C239D865,274,260
2026-01-26,0E2575C7EE05,225,203
2026-01-26,0E2728C481CA,103,97
2026-01-26,0E293C5E4650,57,48
2026-01-26,0E2DEE345837,262,251
2026-01-26,0E31C429C185,87,74
2026-01-26,0E34282F4B53,209,183
2026-01-26,0E3D96237639,177,171
2026-01-26,0E3E1361EF6B,147,137
2026-01-26,0E41CF7F74D5,380,357
2026-01-26,0E462188408C,175,167
2026-01-26,0E485CCBF90A,118,101
2026-01-26,0E4CE5FB4405,398,373
2026-01-26,0E50A5B2E5C4,344,335
2026-01-26,0E5303C82FCB,238,221
2026-01-26,0E543D410B0C,157,147
2026-01-26,0E55F28AB569,99,21
2026-01-26,0E5A9CEA8093,366,331
2026-01-26,0E5CD9B19DCB,281,133
2026-01-26,0E5DFCF65AD4,154,58
2026-01-26,0E61D34F9993,169,157
2026-01-26,0E69783262BE,201,168
2026-01-26,0E69C64B6E57,184,178
2026-01-26,0E6A7794AFC7,251,246
2026-01-26,0E6ACE6D3146,315,309
2026-01-26,0E6D2CBAED41,146,125
2026-01-26,0E6DD6464541,199,192
2026-01-26,0E752F1B295C,323,260
2026-01-26,0E7A8A5414C2,235,171
2026-01-26,0E892C46A442,150,127
2026-01-26,0E89F7D5B5BD,259,225
2026-01-26,0E8B8566815B,267,250
2026-01-26,0E8CF9CA526F,40,37
2026-01-26,0E8F36DAB9C2,125,106
2026-01-26,0E9761D8EB58,324,285
2026-01-26,0E9A30D927A5,301,105
2026-01-26,0E9C29FF940E,124,120
2026-01-26,0E9DC914D8DF,151,101
2026-01-26,0EA0447DA91C,134,113
2026-01-26,0EA22CFA3A24,141,123
2026-01-26,0EA52A2A7581,144,137
2026-01-26,0EAEFEAEFB09,330,305
2026-01-26,0EB04F2114F4,259,258
2026-01-26,0EB6B31D8AFB,196,170
2026-01-26,0EBF1B27CDE1,61,59
2026-01-26,0EC8A35D0C20,151,135
2026-01-26,0ED0849FD6D8,80,74
2026-01-26,0ED1E9DBD593,282,223
2026-01-26,0ED4052A2763,273,249
2026-01-26,0ED5057ECE3F,357,321
2026-01-26,0EDC7177CCA9,72,68
2026-01-26,0EE071F7B24A,142,136
2026-01-26,0EE09EDA649F,259,221
2026-01-26,0EE317BA7C52,107,88
2026-01-26,0EE51B79E853,97,93
2026-01-26,0EE78E4317BB,92,86
2026-01-26,0EE9497950EE,769,769
2026-01-26,0EEA98D1BFDB,587,553
2026-01-26,0EECB108FF91,138,129
2026-01-26,0EF023E6452D,123,101
2026-01-26,0EF08481B333,247,223
2026-01-26,0EF437108E63,279,253
2026-01-26,0EF47B410B41,137,128
2026-01-26,0EFD600E2623,149,149
